а 0,007 0,009121781006044211
актерский 0,001 2,536918845301391E-05
активный 0,001 9,535699343961807E-05
американский 0,001 0,00020751551081083744
аминь 0,001 5,118345038765963E-06
аналогия 0,001 1,6245182079561536E-05
антигенный 0,001 8,122591039780768E-06
аукцион 0,001 1,8915622969352476E-05
бассейн 0,001 3,716363571625721E-05
без 0,002 0,001133602157716253
беззащитный 0,001 1,2239520744875131E-05
белый 0,002 0,0003778673859054177
берег 0,001 0,00018325900606190308
болтаться 0,001 1,5577571857113804E-05
брать 0,001 0,0002518003222332038
брод 0,001 3,449319482646628E-06
будто 0,001 0,00019338442776902707
буквально 0,001 8,122591039780769E-05
быстро 0,001 0,0002845132231331428
быть 0,021 0,013531012720200275
в 0,044 0,03490956106853285
вагон 0,001 7,888927461924062E-05
валюта 0,001 3,237909578871512E-05
вверх 0,001 8,82358177335089E-05
ввести 0,001 7,633010209985763E-05
ввиду 0,001 1,6912792302009272E-05
вдоль 0,001 7,421600306210649E-05
ведь 0,001 0,0005473291140367342
вера 0,001 0,00018370407954353493
вернуться 0,001 0,00034626716870955824
верный 0,001 9,991899662634425E-05
версия 0,001 6,052999350192792E-05
весна 0,001 0,00010158802218246358
весомый 0,001 8,790201262228504E-06
вести 0,001 0,00031188524225349995
весь 0,003 0,004212954308756428
вечер 0,001 0,00037319411434828353
взволнованный 0,001 2,892977630606849E-06
вид 0,001 0,0006899751648997335
видеть 0,001 0,0009103978066778939
власть 0,001 0,0004846850214970552
вне 0,001 6,60934120223257E-05
во 0,003 0,0012993920296241071
военный 0,001 0,0003101049483269726
вождь 0,001 4,6955252312157326E-05
возвышаться 0,001 1,2795862596914909E-05
возглавить 0,001 2,2031137340775237E-05
возле 0,001 0,00012350789115283086
возможность 0,001 0,00045341860941241964
возникнуть 0,001 0,00014865454286502885
возрасти 0,001 2,9931191639740093E-05
возрождение 0,001 2,937484978770031E-05
войти 0,001 0,00022865650118834903
вообще 0,002 0,0004646567148236232
воротник 0,001 1,9694501562208163E-05
воспроизведение 0,001 6,4535654836614325E-06
вот 0,003 0,001986251680152418
вперед 0,001 0,0001425347824925913
впереди 0,001 7,710898069271332E-05
впрочем 0,001 0,0002455692934903583
врать 0,001 4,762286253460505E-05
временной 0,001 5,7303210760097204E-05
время 0,001 0,0022428365423131638
все 0,003 0,003456885731834369
всегда 0,001 0,0006808511585262811
всего 0,001 0,00018993510828638042
вселенная 0,001 3,771997756829699E-05
встречать 0,001 8,612171869575774E-05
вы 0,002 0,003233903917536826
выбирать 0,001 7,254697750598714E-05
выборы 0,001 0,00013096287197016392
выводить 0,001 2,8039629342804846E-05
выдающийся 0,001 3,8498856161152685E-05
высокопоставленный 0,001 1,2128252374467175E-05
вышеупомянутый 0,001 5,007076668358008E-06
где 0,001 0,0012564424386466361
главный 0,002 0,0005058260118745668
глубоко 0,001 6,498072831824614E-05
глухой 0,001 4,528622675603799E-05
го 0,001 1,9249428080576342E-05
говорят 0,001 5,852716283458472E-05
год 0,005 0,00414752850695655
голландский 0,001 1,1460642152019442E-05
голос 0,001 0,0004723342323817721
горелый 0,001 3,1155143714227603E-06
государство 0,001 0,0003631799610115675
готовый 0,001 0,00027650190046377
гражданство 0,001 1,8915622969352476E-05
грузин 0,001 1,591137696833767E-05
да 0,002 0,0008912596469677254
давать 0,001 0,0004124718491022919
даже 0,002 0,0013127442340730617
далекий 0,003 0,0003541672230085231
далеко 0,001 0,00018414915302516674
дать 0,002 0,0006376790308079943
два 0,001 0,001429909828112639
движение 0,001 0,0002722737023882677
дебил 0,001 3,449319482646628E-06
действительно 0,001 0,00029886684291576915
делать 0,002 0,0007801025449301777
делаться 0,001 8,311747269474294E-05
дело 0,003 0,0015712206585307429
день 0,001 0,001400201173213715
деревня 0,001 0,00013919673138035262
десяток 0,001 0,00011761066752120921
деятельность 0,001 0,00034882634122894126
диван 0,001 6,68722906151814E-05
динамический 0,001 1,5577571857113804E-05
длина 0,001 7,532868676618604E-05
для 0,006 0,0035931894855841147
добровольно 0,001 1,6245182079561536E-05
добрый 0,001 0,00019038018176801227
догадываться 0,001 3,805378267952087E-05
доклад 0,001 7,243570913557918E-05
долгий 0,001 0,00015076864190278002
долго 0,001 0,00028162024550253595
должен 0,002 0,001050595953391918
дорога 0,002 0,0003672968907166619
дорогой 0,001 0,00021997756829652849
достигнуть 0,002 0,0001083753927773489
древний 0,001 9,747109247736922E-05
другой 0,001 0,0020443337695053706
думать 0,001 0,0008406325384321056
дурак 0,001 7,76653225447531E-05
дух 0,001 0,00017079694857621207
душа 0,001 0,0003970055456155861
дышать 0,001 7,16568305427235E-05
его 0,007 0,002868387320746691
единый 0,001 0,0001794758814680326
если 0,001 0,0022232533091213636
еще 0,001 0,0025857656599104833
жаждать 0,001 1,8470549487720652E-05
жалкий 0,001 3,3825584604018544E-05
же 0,004 0,0034986113707373523
железо 0,001 3,182275393667534E-05
жесткий 0,001 8,189352062025541E-05
живой 0,001 0,0003160021719585943
жизнь 0,001 0,0015464078119297687
журнал 0,002 0,0001802547600608883
за 0,003 0,004344028449097
заболевание 0,001 5,385389127745057E-05
забыть 0,002 0,00025146651712197994
завтра 0,001 0,0001541066930150187
загадка 0,001 2,8595971194844625E-05
задание 0,001 5,619052705601765E-05
задача 0,001 0,000314221878032067
задний 0,001 9,669221388451354E-05
заметить 0,001 0,00028251039246579964
замечательный 0,001 9,724855573655332E-05
занимать 0,001 0,00012539945344976612
затем 0,001 0,0002684905777943972
затылок 0,001 3,527207341932197E-05
захотеть 0,001 7,833293276720085E-05
заявлять 0,001 3,4493194826466276E-05
зверь 0,001 5,463276987030627E-05
здесь 0,001 0,0008865863754105913
здравоохранение 0,001 2,2476210822407057E-05
знак 0,001 0,00012016984004059219
знакомство 0,001 5,1739792239699415E-05
знать 0,001 0,0019069173320515453
значит 0,002 0,0003058767502514703
зов 0,001 8,567664521412592E-06
и 0,039 0,0398360794367155
игра 0,001 0,0002214240571118319
из 0,003 0,004800228767769619
из-за 0,001 0,00032223320070143985
изготовить 0,001 2,5591725193829818E-05
изделие 0,001 5,785955261213698E-05
изо 0,001 3,883266127237655E-05
изображать 0,001 3,805378267952087E-05
изолировать 0,001 9,457811484676238E-06
изучать 0,001 6,342297113253477E-05
или 0,003 0,002609243286066562
именно 0,001 0,0006135337944294679
имущество 0,001 9,836123944063288E-05
имя 0,001 0,00044696504392875816
иначе 0,001 0,0001437587345670788
индивидуальный 0,001 6,831877943048483E-05
иной 0,001 0,00038754773413090984
интересный 0,001 0,00019127032873127593
интернет 0,001 4,606510534889367E-05
искать 0,001 0,00023021425837406042
исключение 0,001 8,712313402942933E-05
история 0,002 0,0004939202962409155
исчезнуть 0,001 0,00011115710203754778
к 0,01 0,005996252481284735
кабинет 0,001 0,00016523353005581427
как 0,008 0,004899925227655147
какой 0,002 0,0012147167997436528
какой-то 0,001 0,0008485325927310704
калитка 0,001 2,058464852547181E-05
картина 0,001 0,0002046225331802306
картинка 0,001 4,039041845808793E-05
картофельный 0,001 6,6761022244773445E-06
квартира 0,001 0,00032367968951674324
ко 0,002 0,0002667102838678699
когда 0,002 0,002109314497823617
когда-нибудь 0,001 4,4952421644814115E-05
колготки 0,001 5,674686890805742E-06
комиссия 0,001 0,00013274316589669119
конечно 0,001 0,0007202401616506974
конференция 0,001 6,442438646620637E-05
корабль 0,001 0,0001251769167089502
коробка 0,001 5,452150149989831E-05
котел 0,001 2,7594555861173022E-05
который 0,004 0,004683285710470857
круглый 0,001 8,000195832332018E-05
кто 0,001 0,0015297175563685754
кто-то 0,001 0,0003471573156728219
курс 0,001 0,00014965595819870045
кухня 0,001 0,00013363331285995482
лагерь 0,001 9,858377618144877E-05
лестница 0,001 9,24640158090112E-05
летний 0,001 0,00010370212122021475
ли 0,001 0,0010923215922949015
литературный 0,001 9,535699343961807E-05
лицо 0,001 0,0009769362921818513
личность 0,001 0,00012862623619159684
лишать 0,001 1,646771882037745E-05
ловкий 0,001 1,1460642152019442E-05
лошадь 0,001 9,00161116600362E-05
лыжный 0,001 8,567664521412592E-06
любитель 0,001 3,771997756829699E-05
май 0,001 0,00010793031929571707
маленький 0,001 0,0004607623218593447
мало 0,001 0,00016734762909356544
мастер 0,001 0,00011215851737121939
материальный 0,001 7,532868676618604E-05
мгновение 0,001 6,130887209478361E-05
между 0,001 0,0006759553502283311
мелькнуть 0,001 2,459030986015822E-05
место 0,001 0,0010310127202001178
мечтать 0,001 8,055830017535996E-05
минута 0,001 0,0003829857309441836
мир 0,001 0,0007952350433056597
много 0,002 0,0005340881779581875
можно 0,002 0,0012527705824231738
мой 0,002 0,0019141497761280624
монашеский 0,001 6,00849200202961E-06
море 0,001 0,0001774730508006894
мороженое 0,001 2,091845363669568E-05
морозный 0,001 1,0570495188755795E-05
морщинка 0,001 6,1197603724375654E-06
мочь 0,001 0,003240468751390895
мраморный 0,001 1,4687424893850156E-05
муж 0,001 0,0002926358141729236
мужчина 0,001 0,0002817315138729439
мы 0,006 0,005234954290953502
на 0,022 0,01765528613774156
набросок 0,001 5,8972236316216535E-06
навык 0,001 2,370016289689457E-05
надвигаться 0,001 1,1460642152019442E-05
надо 0,002 0,0011051174548918164
назад 0,001 0,0003234571527759273
найти 0,003 0,0004718891589001403
накопиться 0,001 1,2462057485691041E-05
налоговый 0,001 9,402177299472259E-05
написать 0,001 0,00037408426131154717
наполовину 0,001 1,7246597413233138E-05
например 0,001 0,0004428481142236638
напротив 0,001 6,10863353539677E-05
наступить 0,001 7,466107654373829E-05
наука 0,001 0,0002659314052750142
наш 0,003 0,0019269456387249774
не 0,019 0,02005946181714626
невозможный 0,001 7,532868676618604E-05
неизбежно 0,001 2,3477626156078663E-05
нельзя 0,001 0,00035349961278607537
немало 0,001 5,696940564887334E-05
немецкий 0,001 0,0001375277058242333
необходимо 0,001 0,00016578987190785406
непосредственный 0,001 4,294959097747092E-05
неприятный 0,001 5,1739792239699415E-05
нести 0,001 0,0001341896547119946
нефтегазовый 0,001 6,1197603724375654E-06
нехватка 0,001 1,2573325856098999E-05
ни 0,001 0,0009549051548410762
низко 0,001 1,6133913709153582E-05
но 0,003 0,00598779608513373
новый 0,003 0,0013546924097168611
номер 0,001 0,00022387196126080693
ну 0,001 0,0012401972565670746
нужный 0,002 0,0003915533954655962
о 0,003 0,00379102464816946
об 0,002 0,0007950125065648438
обдумывать 0,001 9,235274743860326E-06
обедать 0,001 2,0807185266287723E-05
обидеться 0,001 3,59396836417697E-05
обличье 0,001 4,116929705094363E-06
обозримый 0,001 5,452150149989831E-06
обратно 0,001 9,758236084777718E-05
обращаться 0,001 0,00010971061322224435
обходить 0,001 1,980576993261612E-05
общий 0,001 0,000547885455888774
объемный 0,001 1,3129667708138777E-05
обычай 0,001 2,8818507935660533E-05
обязательно 0,001 0,0001337445812303628
овца 0,001 1,9471964821392254E-05
оговорить 0,001 8,122591039780768E-06
один 0,005 0,0024987537942514617
одобрительно 0,001 6,7873705948853E-06
ожидание 0,001 7,121175706109167E-05
оказаться 0,001 0,0005918364621999166
он 0,009 0,013119764823172468
она 0,009 0,006222572346694516
они 0,004 0,005396515964785853
описывать 0,002 4,617637371930163E-05
опустеть 0,001 1,2128252374467175E-05
орбита 0,001 1,669025556119336E-05
орган 0,001 0,00032089798025654434
организатор 0,001 3,4826999937690146E-05
осмелиться 0,001 9,346543114268282E-06
оставаться 0,001 0,0003642926447156471
осторожно 0,001 7,76653225447531E-05
от 0,005 0,004086330903232175
отдельный 0,001 0,00019750135747412142
отец 0,001 0,0005386501811449137
откос 0,001 7,900054298964858E-06
открыть 0,002 0,00023900445963628893
отметка 0,001 1,702406067241723E-05
отработать 0,001 1,6912792302009272E-05
отставка 0,001 3,616222038258562E-05
оттенок 0,001 3,338051112238672E-05
охватывать 0,001 2,403396800811844E-05
оценка 0,001 0,00017958714983844058
очень 0,003 0,0014318013904095744
ощущать 0,001 6,219901905804726E-05
палатка 0,001 3,237909578871512E-05
парень 0,001 0,0001561095236823619
партнерский 0,001 4,784539927542096E-06
переворачивать 0,001 6,342297113253477E-06
перед 0,001 0,0006973188773466587
периодически 0,001 1,4687424893850156E-05
писатель 0,001 0,0001850392999884304
писать 0,001 0,0004943653697225474
письменный 0,001 4,5620031867261854E-05
пить 0,001 0,00022353815614958308
плавание 0,001 1,9026891339760434E-05
платок 0,001 4,484115327440616E-05
плечо 0,001 0,00026303842764440735
плоский 0,001 3,237909578871512E-05
площадь 0,001 0,0001615616738323517
по 0,007 0,006438766790397174
повсюду 0,001 2,1586063859143413E-05
поговорка 0,001 1,0347958447939884E-05
под 0,002 0,0012528818507935816
подать 0,001 8,834708610391686E-05
подлый 0,001 1,35747411897706E-05
подстричь 0,001 5,118345038765963E-06
подходить 0,001 0,00013007272500690026
поездка 0,001 7,76653225447531E-05
пожалуй 0,001 0,00010448099981307044
позволить 0,001 0,00017758431917109735
поздороваться 0,001 1,7580402524457008E-05
позиция 0,001 0,0001864857888037338
познакомиться 0,001 7,477234491414626E-05
пока 0,001 0,0004075760408043419
покинуть 0,001 5,452150149989831E-05
пол 0,001 0,0002023971657720715
полезность 0,001 5,118345038765963E-06
полет 0,001 7,399346632129056E-05
политический 0,001 0,0002999795266198487
получать 0,001 0,00020940707310777268
польза 0,001 8,523157173249408E-05
помада 0,001 1,0125421707123972E-05
понимать 0,001 0,0006227690691733283
понять 0,003 0,0006544805547395957
порознь 0,001 3,2267827418307163E-06
портрет 0,001 8,189352062025541E-05
после 0,001 0,0012018096687763298
последний 0,001 0,0007928984075270926
постоянно 0,001 0,00013864038952831283
постоять 0,001 3,827631942033677E-05
поступить 0,001 9,569079855084193E-05
посылать 0,001 3,905519801319246E-05
потерять 0,001 0,0001437587345670788
потом 0,001 0,0011194710746744428
потому 0,002 0,0008559875735484034
потребительский 0,001 2,0362111784655902E-05
почти 0,001 0,0005582334143367139
пощечина 0,001 5,785955261213698E-06
поэтому 0,002 0,0004687736445287175
появиться 0,001 0,00032779661922183764
правило 0,001 0,00028796254261578944
правый 0,001 0,00023410865133833888
предлог 0,001 1,4131083041810377E-05
предложить 0,001 0,00022387196126080693
предоставление 0,001 3,4493194826466276E-05
представлять 0,001 0,00025424822638217884
прежний 0,001 0,00011527403174264213
пресвятой 0,001 5,785955261213698E-06
при 0,001 0,0017255498882865776
привести 0,001 0,00023889319126588096
привычный 0,001 6,353423950294272E-05
пригласить 0,001 0,00010926553974061253
придавать 0,001 4,128056542135158E-05
придраться 0,001 3,560587853054584E-06
признаваться 0,001 4,417354305195843E-05
применение 0,001 0,00013274316589669119
примириться 0,001 6,4535654836614325E-06
пристав-исполнитель 0,001 5,118345038765963E-06
приятель 0,001 5,997365164988814E-05
пробиваться 0,001 1,2795862596914909E-05
проблема 0,001 0,0005284134910673818
проводник 0,001 1,6801523931601314E-05
прогонять 0,001 3,560587853054584E-06
программа 0,001 0,00031444441477288296
продажа 0,001 9,713728736614535E-05
продать 0,001 7,599629698863377E-05
продолговатый 0,001 6,342297113253477E-06
производственный 0,001 6,231028742845521E-05
пройти 0,001 0,00044329318770529563
прокладка 0,001 7,788785928556902E-06
прорвать 0,001 7,121175706109168E-06
проститутка 0,001 1,5800108597929716E-05
просто 0,002 0,0007304768517282294
прочее 0,001 0,00010225563240491133
прочно 0,001 1,5800108597929716E-05
прошлое 0,001 0,0001237304278936468
прямо 0,001 0,00014498268664156635
публикация 0,001 5,418769638867445E-05
пункт 0,001 0,00016022645338745626
путь 0,001 0,00039756188746762586
пытаться 0,001 0,0002775033157974416
пятнадцать 0,001 6,564833854069388E-05
пять 0,001 0,0003163359770698182
пятьдесят 0,001 7,911181136005653E-05
работа 0,001 0,0011775531640273954
ради 0,001 0,00012150506048548767
радио 0,001 5,4855306611122175E-05
разбираться 0,001 3,59396836417697E-05
развязка 0,001 7,009907335701212E-06
раздвинуть 0,001 7,454980817333035E-06
раздевалка 0,001 6,00849200202961E-06
разница 0,001 7,343712446925079E-05
разочарование 0,001 1,8470549487720652E-05
разумеется 0,001 0,00011093456529673187
ранний 0,001 0,00025113271201075607
расслабляться 0,001 5,22961340917392E-06
рассчитывать 0,001 6,475819157743024E-05
расти 0,001 0,0001399756099732083
рвануться 0,001 1,1238105411203529E-05
реализовать 0,001 4,9848229942764165E-05
резервуар 0,001 5,340881779581875E-06
решить 0,001 0,00045586651356139467
рука 0,001 0,0013358880551179164
русский 0,001 0,0005902787050142052
рыдать 0,001 1,7357865783641096E-05
рынок 0,001 0,0003152232933657386
ряд 0,001 0,0002648187215709347
с 0,016 0,012586566792177544
сам 0,003 0,0022101236414132247
самый 0,001 0,001120917563489746
сбить 0,001 3,29354376407549E-05
свернуть 0,001 3,371431623361059E-05
свет 0,001 0,00040023232835741676
светило 0,001 7,343712446925078E-06
свидетельствовать 0,001 7,655263884067354E-05
свой 0,006 0,004256571509956347
связать 0,001 0,00017825192939354507
сделать 0,001 0,0008272803339831509
себя 0,005 0,0025289075226320183
сейчас 0,002 0,0009984110876705868
секретный 0,001 2,7817092601988934E-05
секунда 0,002 0,00011705432566916944
семья 0,001 0,0003077683125484056
сепаратист 0,001 3,2267827418307163E-06
серебро 0,001 1,6801523931601314E-05
середина 0,001 9,813870269981697E-05
сеть 0,001 0,0001173881307803933
сигнал 0,001 6,286662928049499E-05
сидеть 0,001 0,0005987351011652099
сила 0,001 0,0007185711360945781
сказать 0,001 0,002666657765197067
сконструировать 0,001 5,563418520397787E-06
скоро 0,001 0,00018615198369250995
следовать 0,001 0,000339479798114673
словно 0,001 0,00023277343089344338
служить 0,001 0,0001561095236823619
слушать 0,001 0,000266487747127054
смотреть 0,001 0,0007423825673618808
смысл 0,001 0,00032779661922183764
со 0,001 0,0012810327485067944
собираться 0,001 0,00021430288140572275
советовать 0,001 3,616222038258562E-05
советский 0,001 0,0004260465902920625
совместно 0,001 3,249036415912307E-05
совсем 0,001 0,0005123908457286361
содержание 0,001 0,00015277147257012323
создание 0,001 0,00022932411141079675
соответствие 0,001 0,00015688840227521758
сопровождение 0,001 2,2810015933630927E-05
соскользнуть 0,001 4,005661334686407E-06
сосна 0,001 3,349177949279468E-05
состав 0,001 0,00023344104111589116
составной 0,001 1,2239520744875131E-05
социолог 0,001 1,0236690077531927E-05
спасать 0,001 3,682983060503335E-05
способ 0,001 0,0001827026642098633
сразу 0,001 0,0005407642801826648
среди 0,001 0,0003503840984146526
средство 0,001 0,0004049055999145509
ставка 0,001 6,197648231723135E-05
стакан 0,001 8,100337365699178E-05
становиться 0,001 0,00028851888446782925
старик 0,001 0,00016801523931601317
старушка 0,001 3,5383341789729924E-05
статистический 0,001 4,662144720093345E-05
стать 0,001 0,0018045504312762261
стиснуть 0,001 1,1238105411203529E-05
стихотворение 0,001 5,418769638867445E-05
стоимость 0,001 0,00010915427137020457
стол 0,001 0,00044785519089202185
столько 0,001 0,00011093456529673187
страница 0,001 0,0001058162202579659
строгий 0,001 6,98765366161962E-05
структура 0,001 0,00022487337659447853
судно 0,001 3,705236734584926E-05
сумка 0,001 6,175394557641543E-05
сумма 0,002 0,0001453164917527902
сумрак 0,001 9,569079855084192E-06
суть 0,001 0,00011672052055794558
сущность 0,001 6,898638965293255E-05
счастье 0,001 0,00016601240864866994
сыграть 0,001 8,990484328962823E-05
сынок 0,001 1,9694501562208163E-05
тайный 0,001 5,652433216724151E-05
так 0,004 0,003828077015515309
там 0,001 0,0012552184865721485
телеграф 0,001 6,00849200202961E-06
тема 0,001 0,0002204226417781603
теперь 0,004 0,0009700376532165581
тепло 0,001 5,496657498153013E-05
территория 0,001 0,00020350984947615106
технологический 0,001 5,474403824071423E-05
технология 0,001 0,0001485432744946209
тишина 0,001 8,411888802841453E-05
то 0,006 0,004411123276452997
тогда 0,001 0,0009297585031288781
только 0,002 0,0026612056150470773
тот 0,003 0,0033014438183744544
три 0,001 0,0006639383662242719
трибуна 0,001 2,892977630606849E-05
тринадцатый 0,001 7,009907335701212E-06
трое 0,001 6,843004780089278E-05
трудолюбивый 0,001 4,673271557134141E-06
тут 0,001 0,0009782715126267468
ты 0,002 0,0035285425623770923
тысяча 0,001 0,00046287642089709585
тяжелый 0,001 0,0002006168718455442
у 0,002 0,004791327298136983
увеличить 0,001 4,817920438664483E-05
угадывать 0,001 8,34512778059668E-06
угол 0,001 0,00018704213065577358
удивиться 0,001 9,379923625390668E-05
уж 0,001 0,00038320826768499955
уже 0,003 0,002424760327930171
улыбаться 0,001 0,00012384169626405473
умереть 0,001 0,00019994926162309644
уместный 0,001 1,0014153336716016E-05
уничтожение 0,001 3,1377680455043516E-05
упасть 0,001 0,00011794447263243308
уровень 0,001 0,0003877702708717257
условие 0,001 0,0004095788714716851
услышать 0,001 0,000178474466134361
успех 0,002 0,00016634621375989381
уста 0,001 2,2587479192815015E-05
утверждение 0,001 5,251867083255511E-05
ухватиться 0,001 1,045922681834784E-05
уходить 0,001 0,0002144141497761307
участвовать 0,001 0,00012573325856098997
учесть 0,001 4,85130094978687E-05
учет 0,001 0,00011950222981814446
фактор 0,001 0,00010147675381205564
федеральный 0,001 0,00023243962578221953
федерация 0,001 0,0002880738109861974
фермерский 0,001 4,784539927542096E-06
философия 0,001 5,9528578168256316E-05
форменный 0,001 7,343712446925078E-06
фрагмент 0,001 3,39368529744265E-05
характер 0,001 0,00021218878236797158
хватить 0,001 0,00011939096144773651
холодно 0,001 3,794251430911291E-05
хороший 0,001 0,0005245190981031033
хотеть 0,001 0,0011030033558540652
хоть 0,001 0,00022687620726182176
хотя 0,003 0,0006085267177611098
центр 0,001 0,00029586259691475426
центральный 0,001 0,00012506564833854225
церковь 0,001 0,00019872530954860893
чей 0,001 9,023864840085209E-05
человек 0,001 0,0030298377262086345
чем 0,001 0,0008023562190117688
чемпионат 0,001 5,8304626093768806E-05
через 0,004 0,0008961554552656755
черновик 0,001 6,00849200202961E-06
чистый 0,001 0,00017691670894864962
чрезвычайно 0,001 4,85130094978687E-05
что 0,014 0,009295359663880622
что-то 0,001 0,0007428276408435125
чтобы 0,005 0,001646438076926521
шаг 0,001 0,0002267649388914138
шахта 0,001 2,3032552674446836E-05
шепот 0,001 3,0042460010148047E-05
шинель 0,001 2,8595971194844625E-05
широко 0,001 7,121175706109167E-05
школа 0,001 0,0003516080504891401
экспертиза 0,001 3,2267827418307164E-05
элемент 0,001 0,00013841785278749695
эпидемия 0,001 1,1571910522427397E-05
эстрадный 0,001 9,680348225492148E-06
этап 0,002 0,00012272901255997516
это 0,009 0,006350976046145298
этот 0,006 0,006024069573886724
эффект 0,001 7,26582458763951E-05
эх 0,001 3,427065808565037E-05
я 0,016 0,014113725176026737
а 0,012 0,009121781006044211
автомобиль 0,001 0,00017458007317008257
агентство 0,001 5,463276987030627E-05
актриса 0,001 4,4952421644814115E-05
американский 0,001 0,00020751551081083744
астраханский 0,001 7,454980817333035E-06
ах 0,001 9,224147906819531E-05
база 0,001 0,00016323069938847104
баллотироваться 0,001 5,007076668358008E-06
батарейка 0,001 4,228198075502318E-06
белый 0,001 0,0003778673859054177
бестолковый 0,001 6,00849200202961E-06
благодарить 0,001 3,49382683080981E-05
бог 0,001 0,0004733356477154437
болгарский 0,001 9,791616595900106E-06
большой 0,004 0,001050818490132734
бороться 0,001 7,822166439679288E-05
борт 0,001 5,218486572133124E-05
бояться 0,001 0,000296530207137202
бугор 0,001 1,1238105411203529E-05
бум 0,001 7,454980817333035E-06
бумага 0,001 0,00017335612109559506
бы 0,006 0,0025840966343543643
быстро 0,001 0,0002845132231331428
быть 0,015 0,013531012720200275
в 0,031 0,03490956106853285
важно 0,001 7,299205098761896E-05
ввести 0,002 7,633010209985763E-05
вдвое 0,001 2,0473380155063853E-05
ведь 0,003 0,0005473291140367342
век 0,001 0,0003531658076748515
великий 0,001 0,0003074345074371817
весь 0,004 0,004212954308756428
взорвать 0,001 1,5243766745889936E-05
видеть 0,001 0,0009103978066778939
виться 0,001 9,346543114268282E-06
вишневый 0,001 1,1238105411203529E-05
вначале 0,001 3,6607293864217435E-05
внедрение 0,001 3,271290089993899E-05
внизу 0,001 5,040457179480394E-05
внутренний 0,001 0,00024045094845159235
во 0,003 0,0012993920296241071
вовсе 0,001 0,0001616729422027597
вода 0,001 0,0005394290597377694
войско 0,001 0,00013285443426709915
волос 0,003 0,00015777854923848124
вообще 0,002 0,0004646567148236232
воплощать 0,001 6,4535654836614325E-06
воровать 0,001 1,8581817858128607E-05
вот 0,001 0,001986251680152418
впрочем 0,001 0,0002455692934903583
врезаться 0,001 1,4242351412218335E-05
время 0,003 0,0022428365423131638
все 0,003 0,003456885731834369
все-таки 0,001 0,00029074425187598833
всегда 0,001 0,0006808511585262811
всего 0,001 0,00018993510828638042
встречаться 0,001 0,00011883461959569672
вступать 0,001 4,550876349685389E-05
входить 0,001 0,0001756927568741621
вы 0,005 0,003233903917536826
выдавить 0,001 1,0347958447939884E-05
выдать 0,001 6,720609572640526E-05
вызвать 0,001 0,00017235470576192345
вызывать 0,001 0,00015844615946092897
выйти 0,001 0,0005350895932918591
выпуклый 0,001 1,1905715633651263E-05
газ 0,001 0,0001123810541120353
где 0,002 0,0012564424386466361
геология 0,001 4,673271557134141E-06
героиня 0,001 2,3032552674446836E-05
гибель 0,001 5,6746868908057425E-05
глава 0,002 0,00026726662571990964
гладкий 0,001 2,659314052750142E-05
глаз 0,001 0,0009542375446186284
глядеть 0,001 0,0002217578622230558
глянуть 0,001 4,116929705094362E-05
гнусный 0,001 1,0570495188755795E-05
говорить 0,001 0,0019527599006596231
год 0,001 0,00414752850695655
голова 0,001 0,0007893378196740379
горло 0,002 5,9194773057032454E-05
горшок 0,001 1,8136744376496786E-05
горячий 0,001 0,00010904300299979662
господин 0,001 0,00017202090065069955
гость 0,001 0,0002144141497761307
градус 0,001 3,59396836417697E-05
графиня 0,001 8,567664521412592E-06
гряда 0,001 5,785955261213698E-06
да 0,001 0,0008912596469677254
да-да 0,001 1,7357865783641096E-05
давать 0,002 0,0004124718491022919
даже 0,002 0,0013127442340730617
далекий 0,003 0,0003541672230085231
два 0,001 0,001429909828112639
двадцать 0,001 0,00019560979517718619
двенадцатый 0,001 1,1349373781611485E-05
дворец 0,001 6,731736409681322E-05
действие 0,001 0,0003664067437533983
действительно 0,001 0,00029886684291576915
декларация 0,001 1,8136744376496786E-05
делать 0,002 0,0007801025449301777
дело 0,002 0,0015712206585307429
демонстрировать 0,001 3,8165051049928815E-05
день 0,001 0,001400201173213715
деревянный 0,001 8,411888802841453E-05
десять 0,001 0,00021964376318530464
длина 0,001 7,532868676618604E-05
для 0,005 0,0035931894855841147
до 0,001 0,0022933523824783756
добавлять 0,001 3,048753349177987E-05
дойти 0,001 9,858377618144877E-05
доклад 0,001 7,243570913557918E-05
документ 0,001 0,00025235666408524363
дом 0,002 0,0008819131038534572
домой 0,001 0,0001887111562118929
доска 0,001 7,466107654373829E-05
доспехи 0,001 4,116929705094363E-06
достоинство 0,001 7,432727143251443E-05
друг 0,001 0,0009727080941063491
другой 0,001 0,0020443337695053706
дуб 0,001 1,980576993261612E-05
дурак 0,001 7,76653225447531E-05
духовный 0,001 0,0001153853001130501
европейский 0,001 0,00011672052055794558
его 0,004 0,002868387320746691
единый 0,001 0,0001794758814680326
ее 0,004 0,0013565839720137965
если 0,004 0,0022232533091213636
ехать 0,001 0,00022053391014856827
еще 0,002 0,0025857656599104833
ж 0,001 0,00020017179836391238
ждать 0,001 0,0004007886702094566
же 0,006 0,0034986113707373523
животное 0,002 0,00010670636722122956
жизнь 0,001 0,0015464078119297687
жила 0,001 1,0125421707123972E-05
жить 0,001 0,0008072520273097189
журнал 0,001 0,0001802547600608883
за 0,002 0,004344028449097
забота 0,001 6,731736409681322E-05
загнать 0,001 1,6356450449969494E-05
задача 0,001 0,000314221878032067
задыхаться 0,001 2,1697332229551367E-05
зазор 0,001 4,450734816318229E-06
заправить 0,001 6,898638965293256E-06
запросить 0,001 7,009907335701212E-06
заразить 0,001 1,2684594226506955E-05
застава 0,001 6,4535654836614325E-06
затягивать 0,001 8,122591039780768E-06
захотеть 0,001 7,833293276720085E-05
зачем 0,001 0,00027561175350050633
здесь 0,002 0,0008865863754105913
здешний 0,001 2,2364942451999103E-05
здравствовать 0,001 5,4855306611122175E-05
земельный 0,001 4,328339608869478E-05
земля 0,001 0,0005501108232969332
злоупотребление 0,001 9,791616595900106E-06
знать 0,002 0,0019069173320515453
значит 0,001 0,0003058767502514703
значить 0,001 0,0001490996163466607
зрелость 0,001 8,790201262228504E-06
зуб 0,001 0,00012907130967322865
зубной 0,001 1,4242351412218335E-05
зубр 0,001 8,901469632636458E-06
и 0,033 0,0398360794367155
ибо 0,001 0,00014464888153034247
играть 0,002 0,0003550573699717868
идти 0,001 0,0010649495731745444
из 0,007 0,004800228767769619
изображение 0,001 5,8638431204992675E-05
икона 0,001 4,027915008767998E-05
или 0,004 0,002609243286066562
именно 0,001 0,0006135337944294679
император 0,001 3,5160805048914016E-05
индивидуальность 0,001 1,2350789115283087E-05
иногда 0,001 0,00027794838927907347
исполнительный 0,001 7,254697750598714E-05
испугаться 0,001 5,318628105500284E-05
испытание 0,001 7,354839283965873E-05
исследовательский 0,001 1,3908546300994467E-05
историк 0,001 4,128056542135158E-05
исторический 0,001 0,0001450939550119743
их 0,001 0,0011972476655896036
к 0,004 0,005996252481284735
каждый 0,002 0,0009745996564032843
кажется 0,001 0,0001593363064241926
как 0,008 0,004899925227655147
какой-то 0,001 0,0008485325927310704
калашников 0,001 5,340881779581875E-06
календарь 0,001 1,669025556119336E-05
карта 0,001 0,00011460642152019441
картина 0,001 0,0002046225331802306
картошка 0,001 4,439607979277434E-05
килограмм 0,001 2,892977630606849E-05
кисть 0,002 2,904104467647645E-05
класс 0,001 0,00020673663221798178
климат 0,001 2,5146651712197998E-05
клякса 0,001 5,007076668358008E-06
книжный 0,001 3,471573156728219E-05
когда 0,001 0,002109314497823617
кокетничать 0,001 3,560587853054584E-06
колпак 0,001 9,012738003044414E-06
компания 0,001 0,0004369508905920422
комплекс 0,002 0,00015165878886604369
конец 0,002 0,0007062203469792951
конкретный 0,001 0,0001314079454517957
коренастый 0,001 5,674686890805742E-06
коробочка 0,001 1,2907130967322865E-05
который 0,003 0,004683285710470857
кран 0,001 2,5925530305053688E-05
кровь 0,001 0,0002089619996261409
крупнейший 0,001 5,274120757337102E-05
кстати 0,001 0,0002117437088863398
кто 0,001 0,0015297175563685754
кубанский 0,001 5,8972236316216535E-06
культура 0,001 0,0002561397886791141
купить 0,001 0,0002144141497761307
куриный 0,001 1,3686009560178557E-05
куча 0,001 4,4952421644814115E-05
левый 0,001 0,00013040653011812413
лесной 0,001 0,0001025894375161352
ли 0,002 0,0010923215922949015
линия 0,001 0,00015989264827623238
лишиться 0,001 2,0807185266287723E-05
логистический 0,001 1,1794447263243307E-05
любознательный 0,001 4,116929705094363E-06
магазин 0,001 0,00016378704124051083
малейший 0,001 3,059880186218783E-05
мама 0,001 0,0003589517629360652
масон 0,001 4,450734816318229E-06
массировать 0,001 3,004246001014805E-06
мать 0,001 0,0003672968907166619
место 0,001 0,0010310127202001178
месяц 0,001 0,00036496025493809483
метод 0,001 0,0002191986897036728
меч 0,001 3,705236734584926E-05
мечта 0,001 6,342297113253477E-05
миллион 0,001 0,00016734762909356544
милый 0,001 0,00010092041196001585
минимум 0,001 5,708067401928129E-05
минута 0,002 0,0003829857309441836
многий 0,001 0,0003793138747207211
много 0,001 0,0005340881779581875
модный 0,001 4,105802868053567E-05
мой 0,002 0,0019141497761280624
мол 0,001 0,00011037822344469209
молчать 0,001 0,00016078279523949605
момент 0,001 0,0003413713604116082
московский 0,001 0,0002862935170596701
мочь 0,004 0,003240468751390895
мы 0,005 0,005234954290953502
мысль 0,001 0,00036896591627278124
на 0,024 0,01765528613774156
набережная 0,001 3,1043875343819646E-05
набить 0,001 2,5146651712197998E-05
навстречу 0,001 6,320043439171886E-05
над 0,001 0,0005975111490907223
наделить 0,001 1,3686009560178557E-05
надеяться 0,001 0,00015254893582930732
надо 0,002 0,0011051174548918164
надуть 0,001 5,674686890805742E-06
найти 0,001 0,0004718891589001403
наклониться 0,001 2,3477626156078663E-05
налоговый 0,001 9,402177299472259E-05
наметить 0,001 2,848470282443667E-05
наносить 0,001 2,4479041489750262E-05
написать 0,001 0,00037408426131154717
напоминать 0,001 0,000118167009373249
например 0,001 0,0004428481142236638
напротив 0,001 6,10863353539677E-05
нарушение 0,001 0,00010770778255490115
наряд 0,001 2,1697332229551367E-05
настоящий 0,001 0,00041614370532575446
наступить 0,001 7,466107654373829E-05
наш 0,005 0,0019269456387249774
не 0,017 0,02005946181714626
небесный 0,001 3,749744082748109E-05
небольшой 0,001 0,00021875361622204098
невозможно 0,001 0,00012072618189263197
недействительный 0,001 1,1015568670387618E-05
недовольство 0,001 1,8136744376496786E-05
ненавидеть 0,001 4,9069351349908485E-05
необходимо 0,001 0,00016578987190785406
неоднократно 0,001 2,970865489892418E-05
непредвиденный 0,001 6,342297113253477E-06
несколько 0,002 0,0006939808262344199
несомненный 0,001 1,35747411897706E-05
нет 0,003 0,0009724855573655331
ни 0,004 0,0009549051548410762
низкий 0,001 0,00017880827124558486
никто 0,003 0,0006255507784335272
ничто 0,001 0,0010045308480430243
но 0,003 0,00598779608513373
новый 0,001 0,0013546924097168611
нога 0,001 0,0005109443569133327
ночевать 0,001 2,6926945638725287E-05
ночной 0,002 9,424430973553851E-05
ночь 0,001 0,0004481889960032457
ноябрь 0,001 7,799912765597696E-05
ну 0,003 0,0012401972565670746
о 0,002 0,00379102464816946
об 0,001 0,0007950125065648438
область 0,001 0,00044529601837263883
обратно 0,001 9,758236084777718E-05
обращаться 0,001 0,00010971061322224435
обстановка 0,001 8,478649825086228E-05
общий 0,002 0,000547885455888774
объем 0,001 0,00018448295813639062
огородить 0,001 4,673271557134141E-06
огромный 0,001 0,00030276123588004756
один 0,004 0,0024987537942514617
одновременно 0,001 0,00015065737353237208
ожидать 0,001 0,00013686009560178556
означать 0,001 0,00010793031929571707
оказаться 0,001 0,0005918364621999166
оказываться 0,001 0,00017257724250273934
он 0,012 0,013119764823172468
она 0,006 0,006222572346694516
они 0,007 0,005396515964785853
оно 0,001 0,0004391762580002013
опираться 0,001 3,783124593870495E-05
опора 0,001 2,8595971194844625E-05
определенный 0,001 0,00017936461309762464
оружие 0,001 0,00015777854923848124
осень 0,001 9,101752699370779E-05
основа 0,001 0,00025702993564237774
основание 0,001 0,0001766941722078337
остановиться 0,001 0,00016356450449969494
остановка 0,001 4,484115327440616E-05
остров 0,001 0,00010648383048041365
от 0,003 0,004086330903232175
отверстие 0,001 2,6036798675461642E-05
отделение 0,001 0,00010036407010797608
откуда 0,001 0,00017135329042825183
отличие 0,001 0,00010659509885082159
отнести 0,001 4,795666764582892E-05
отнимать 0,001 1,3018399337730821E-05
отталкиваться 0,001 4,895808297950053E-06
оттого 0,001 5,374262290704262E-05
отчасти 0,001 3,148894882545148E-05
отчаяние 0,001 4,239324912543114E-05
охрана 0,001 0,00010114294870083178
оценивать 0,001 4,050168682849589E-05
очки 0,001 6,231028742845521E-05
парадигма 0,001 8,456396151004636E-06
парень 0,001 0,0001561095236823619
первый 0,002 0,0014972271922094522
перебить 0,001 3,182275393667534E-05
перехватить 0,001 1,880435459894452E-05
писарь 0,001 3,2267827418307163E-06
плечо 0,001 0,00026303842764440735
по 0,007 0,006438766790397174
по-разному 0,001 2,536918845301391E-05
поворот 0,001 6,153140883559952E-05
повторять 0,001 8,890342795595664E-05
погладить 0,001 1,9249428080576342E-05
под 0,002 0,0012528818507935816
подвергаться 0,001 2,069591689587977E-05
поделиться 0,001 3,048753349177987E-05
подобный 0,001 0,0003355854051503945
подписать 0,001 8,055830017535996E-05
подпрыгивать 0,001 8,678932891820548E-06
подтвердить 0,001 7,755405417434515E-05
подходить 0,001 0,00013007272500690026
подъезд 0,001 6,242155579886317E-05
поиграть 0,001 1,35747411897706E-05
показать 0,001 0,00030899226462289305
полагать 0,001 9,057245351207598E-05
половина 0,001 0,0001766941722078337
полуфинал 0,001 3,1155143714227603E-06
получиться 0,001 0,00016612367701907793
помощь 0,001 0,0003339163795942752
поначалу 0,001 4,0724223569311805E-05
понять 0,001 0,0006544805547395957
попробовать 0,001 0,0001088204662589807
портсигар 0,001 4,228198075502318E-06
посланец 0,001 4,784539927542096E-06
после 0,001 0,0012018096687763298
последующий 0,001 6,498072831824614E-05
послушаться 0,001 6,231028742845521E-06
постсоветский 0,001 9,12400637345237E-06
потом 0,001 0,0011194710746744428
правда 0,001 0,0002808413669096803
правительство 0,001 0,00030899226462289305
право 0,001 0,0005133922610623077
прагматический 0,001 4,005661334686407E-06
превосходство 0,001 1,4687424893850156E-05
превышать 0,001 5,363135453663467E-05
предлагаться 0,001 2,9931191639740093E-05
представитель 0,001 0,00020662536384757378
представлять 0,001 0,00025424822638217884
прежде 0,001 0,00016389830961091882
прелесть 0,001 2,1586063859143413E-05
преступный 0,001 2,5925530305053688E-05
при 0,003 0,0017255498882865776
приватизация 0,001 2,8595971194844625E-05
привезти 0,001 9,124006373452371E-05
привести 0,001 0,00023889319126588096
привычно 0,001 1,35747411897706E-05
приглушить 0,001 4,895808297950053E-06
прием 0,001 0,0001221726707079354
примерно 0,001 0,00011994730329977628
принести 0,001 0,0001578898176088892
про 0,001 0,0004362832803695945
пробить 0,001 2,0028306673432033E-05
проверка 0,001 7,143429380190759E-05
проект 0,001 0,000251355248751572
производство 0,001 0,00030665562884432603
происходить 0,001 0,00029330342439537135
проложить 0,001 1,0793031929571707E-05
просто-напросто 0,001 7,343712446925078E-06
профессиональный 0,001 0,00011293739596407508
процесс 0,001 0,00041358453280637144
процессуальный 0,001 3,716363571625721E-05
прошлогодний 0,001 1,513249837548198E-05
прошлый 0,001 0,00018804354598944519
прямо 0,002 0,00014498268664156635
публика 0,002 8,300620432433497E-05
пункт 0,001 0,00016022645338745626
пытаться 0,001 0,0002775033157974416
пьяный 0,001 6,676102224477344E-05
работа 0,001 0,0011775531640273954
раз 0,003 0,001259335416277243
разбить 0,002 4,083549193971976E-05
разве 0,001 0,00018515056835883835
развиваться 0,001 6,320043439171886E-05
раздвоение 0,001 3,004246001014805E-06
разный 0,001 0,00039233227405845194
разобраться 0,001 6,68722906151814E-05
разъяснять 0,001 8,011322669372814E-06
расти 0,001 0,0001399756099732083
резко 0,002 0,00010203309566409541
рейх 0,001 7,121175706109168E-06
рекламный 0,002 4,628764208970959E-05
ремень 0,001 3,160021719585943E-05
решение 0,001 0,0005044907914296713
решить 0,001 0,00045586651356139467
роль 0,001 0,0003314684754453001
роскошный 0,001 3,0376265121371917E-05
рука 0,001 0,0013358880551179164
руководитель 0,001 0,0001802547600608883
рыбак 0,001 2,4367773119342304E-05
с 0,006 0,012586566792177544
сам 0,003 0,0022101236414132247
самарский 0,001 3,182275393667534E-05
самый 0,001 0,001120917563489746
свет 0,002 0,00040023232835741676
светофор 0,001 8,901469632636458E-06
свинина 0,001 6,5648338540693885E-06
свой 0,003 0,004256571509956347
свято 0,001 5,118345038765963E-06
святой 0,001 0,00012884877293241275
сделать 0,003 0,0008272803339831509
себя 0,003 0,0025289075226320183
сектор 0,001 5,196232898051533E-05
сидеть 0,001 0,0005987351011652099
сила 0,001 0,0007185711360945781
синий 0,001 9,213021069778734E-05
система 0,001 0,0006874159923803505
сказать 0,002 0,002666657765197067
скелет 0,001 1,1794447263243307E-05
следующий 0,001 0,0003353628684095786
слово 0,001 0,0010769665571786036
случайно 0,001 8,957103817840437E-05
случайность 0,001 1,980576993261612E-05
слушаться 0,001 1,5688840227521758E-05
слышать 0,001 0,00028495829661477466
смеяться 0,001 0,00013118540871097983
смола 0,001 8,34512778059668E-06
смотреть 0,001 0,0007423825673618808
снижение 0,001 7,321458772843487E-05
снова 0,003 0,00037208143064420396
снять 0,002 0,0001794758814680326
со 0,002 0,0012810327485067944
собственный 0,002 0,00037642089709011425
совершенно 0,001 0,00031188524225349995
совет 0,001 0,0002731638493515313
советский 0,001 0,0004260465902920625
совсем 0,003 0,0005123908457286361
содействовать 0,001 1,0236690077531927E-05
содержание 0,001 0,00015277147257012323
соединение 0,001 6,375677624375863E-05
создать 0,001 0,0002736089228331632
сознание 0,001 0,0001615616738323517
солнечный 0,001 6,142014046519157E-05
сомнение 0,001 9,658094551410558E-05
сообщить 0,001 0,00016000391664664035
соседка 0,001 3,160021719585943E-05
составить 0,001 0,00013530233841607418
состоять 0,001 0,0001556644502007301
сотворить 0,001 1,669025556119336E-05
сохраняться 0,001 2,848470282443667E-05
спецслужба 0,001 2,0250843414247945E-05
сплести 0,001 5,007076668358008E-06
спортсмен 0,001 2,8262166083620755E-05
спросить 0,003 0,000638569177771258
спустя 0,001 8,589918195494183E-05
становиться 0,001 0,00028851888446782925
старый 0,001 0,0004100239449533169
стать 0,003 0,0018045504312762261
ствол 0,001 5,507784335193809E-05
сто 0,001 0,00013430092308240257
стоить 0,002 0,0005584559510775298
столовая 0,001 4,0612955198903844E-05
страна 0,001 0,0008074745640505349
судьба 0,003 0,00023800304430261732
судья 0,001 9,480065158757829E-05
сумка 0,001 6,175394557641543E-05
сухой 0,001 9,235274743860326E-05
существование 0,001 0,00011082329692632391
сфера 0,001 0,00014409253967830269
сцена 0,001 0,00019716755236289755
счастье 0,001 0,00016601240864866994
счет 0,001 0,00027305258098112337
считать 0,001 0,0005066048904674225
сын 0,001 0,0003172261240330818
так 0,004 0,003828077015515309
также 0,004 0,0006341184429549397
такой 0,005 0,0030006854131617504
твой 0,001 0,00040790984591556576
тезис 0,001 2,269874756322297E-05
телефон 0,001 0,00018670832554454973
тело 0,001 0,00031811627099634544
тема 0,001 0,0002204226417781603
температура 0,001 8,845835447432481E-05
теоретический 0,001 4,395100631114251E-05
теперь 0,002 0,0009700376532165581
территориальный 0,001 3,0376265121371917E-05
то 0,007 0,004411123276452997
тогда 0,002 0,0009297585031288781
тоже 0,002 0,0009363233369829475
только 0,004 0,0026612056150470773
тополь 0,001 1,0904300299979662E-05
торговля 0,001 6,954273150497234E-05
тот 0,003 0,0033014438183744544
точка 0,001 0,0002583651560872732
трава 0,001 9,869504455185674E-05
трагедия 0,001 5,0849645276435774E-05
третий 0,001 0,0003056542135106544
три 0,002 0,0006639383662242719
трудно 0,001 0,00018170124887619172
тут 0,001 0,0009782715126267468
ты 0,001 0,0035285425623770923
тяжелый 0,001 0,0002006168718455442
у 0,008 0,004791327298136983
увесистый 0,001 5,452150149989831E-06
увидеть 0,002 0,0005033781077255918
угол 0,001 0,00018704213065577358
удивительно 0,001 4,027915008767998E-05
удивительный 0,001 7,955688484168835E-05
удобрение 0,001 1,1126837040795574E-05
уже 0,003 0,002424760327930171
узнавать 0,001 9,813870269981697E-05
узнать 0,001 0,0002649299899413426
уйти 0,001 0,00035116297700750834
уклониться 0,001 6,898638965293256E-06
украинский 0,001 3,8498856161152685E-05
ум 0,001 0,00016857158116805295
уметь 0,001 0,00019193793895372365
упереться 0,001 1,6578987190785406E-05
управление 0,001 0,0002854033700964065
уравнение 0,001 2,425650474893435E-05
уровень 0,001 0,0003877702708717257
уточнять 0,001 1,0793031929571707E-05
ученик 0,001 8,945976980799641E-05
учитывать 0,001 7,299205098761896E-05
фестиваль 0,002 5,385389127745057E-05
физический 0,001 0,0001221726707079354
финансовый 0,001 0,00014965595819870045
фирма 0,001 0,00018292520095067923
фонарь 0,001 3,6607293864217435E-05
форма 0,001 0,0003869913922788701
фотографировать 0,001 6,231028742845521E-06
француженка 0,001 4,450734816318229E-06
фронт 0,001 9,758236084777718E-05
хозяйство 0,001 0,0001415333671589197
холодный 0,001 0,00013240936078546734
хороший 0,001 0,0005245190981031033
хорошо 0,001 0,000540430475071441
хотеть 0,001 0,0011030033558540652
хотя 0,002 0,0006085267177611098
хребет 0,001 1,2462057485691041E-05
цвет 0,001 0,00018203505398741557
цветение 0,001 9,012738003044414E-06
цветовой 0,001 9,680348225492148E-06
цена 0,001 0,0002627046225331835
церковь 0,001 0,00019872530954860893
цивилизация 0,001 4,4952421644814115E-05
частность 0,001 0,00012462057485691043
частный 0,002 0,00012094871863344788
человеческий 0,001 0,0002217578622230558
чем 0,001 0,0008023562190117688
чемодан 0,001 4,762286253460505E-05
через 0,001 0,0008961554552656755
черт 0,001 0,00012261774418956722
чертов 0,001 1,4353619782626291E-05
чиновник 0,001 8,445269313963842E-05
читать 0,001 0,00033870091952181724
чмокнуть 0,001 4,005661334686407E-06
что 0,01 0,009295359663880622
чтобы 0,003 0,001646438076926521
чуть 0,001 0,0002762793637229541
шахта 0,001 2,3032552674446836E-05
эксперимент 0,001 6,664975387436549E-05
элемент 0,002 0,00013841785278749695
энергетический 0,001 3,082133860300374E-05
это 0,007 0,006350976046145298
этот 0,006 0,006024069573886724
эфирный 0,001 6,7873705948853E-06
я 0,011 0,014113725176026737
явственно 0,001 9,235274743860326E-06
язык 0,001 0,0003615109354554482
январь 0,001 0,00010225563240491133
а 0,009 0,009121781006044211
адвокатский 0,001 7,900054298964858E-06
актив 0,001 3,6384757123401526E-05
американский 0,001 0,00020751551081083744
аммиак 0,001 3,1155143714227603E-06
английский 0,001 0,00012061491352222402
антитело 0,001 2,6259335416277554E-05
аплодисменты 0,001 2,1808600599959325E-05
армия 0,001 0,0002074042424404295
артиллерия 0,001 1,5243766745889936E-05
артистка 0,001 1,2907130967322865E-05
аэропорт 0,001 4,139183379175954E-05
беда 0,001 8,278366758351907E-05
бежать 0,001 0,00015978137990582444
беззаботно 0,001 3,783124593870495E-06
белье 0,001 3,794251430911291E-05
беседовать 0,001 3,760870919788904E-05
бессрочный 0,001 2,892977630606849E-06
богиня 0,001 9,012738003044414E-06
божий 0,001 0,00011115710203754778
болотный 0,001 7,677517558148946E-06
большинство 0,002 0,00019594360028841003
бровь 0,001 4,628764208970959E-05
броситься 0,001 6,620468039273367E-05
будущее 0,001 0,00014620663871605383
буква 0,001 7,06554152090519E-05
буря 0,001 2,2364942451999103E-05
бы 0,002 0,0025840966343543643
бывать 0,001 0,0003308008652228524
было 0,001 2,403396800811844E-05
быть 0,019 0,013531012720200275
в 0,038 0,03490956106853285
валюта 0,001 3,237909578871512E-05
ваш 0,002 0,0006091943279835577
вдруг 0,001 0,0005599024398928332
ведомость 0,001 1,0347958447939884E-05
ведь 0,001 0,0005473291140367342
век 0,001 0,0003531658076748515
великий 0,001 0,0003074345074371817
верить 0,001 0,00021930995807408076
весь 0,009 0,004212954308756428
вещество 0,001 7,710898069271332E-05
видеть 0,002 0,0009103978066778939
видный 0,001 7,06554152090519E-05
включая 0,001 6,520326505906207E-05
владеть 0,001 5,0849645276435774E-05
влиять 0,001 4,383973794073456E-05
во 0,001 0,0012993920296241071
вода 0,002 0,0005394290597377694
возвращать 0,001 2,3032552674446836E-05
воздушный 0,001 6,68722906151814E-05
возможность 0,001 0,00045341860941241964
возникнуть 0,001 0,00014865454286502885
вокруг 0,001 0,00017179836390988367
волшебство 0,001 4,450734816318229E-06
вооружение 0,001 5,363135453663467E-05
воспитание 0,001 6,598214365191775E-05
восток 0,001 8,734567077024525E-05
впрочем 0,002 0,0002455692934903583
врач 0,001 0,00019260554917617138
вред 0,002 3,360304786320263E-05
время 0,003 0,0022428365423131638
вроде 0,002 0,00013051779848853207
все 0,004 0,003456885731834369
все-таки 0,001 0,00029074425187598833
всякий 0,001 0,0004152535583624908
второй 0,001 0,0006146464781335475
вход 0,001 7,254697750598714E-05
вчера 0,001 0,00014197844064055151
вы 0,002 0,003233903917536826
вывести 0,001 5,941730979784836E-05
вызвать 0,001 0,00017235470576192345
выпить 0,001 0,0001445376131599345
выплыть 0,001 6,00849200202961E-06
выразительность 0,001 3,783124593870495E-06
высохнуть 0,001 7,788785928556902E-06
газета 0,001 0,00026426237971889486
гармония 0,001 2,3922699637710484E-05
где 0,002 0,0012564424386466361
где-то 0,001 0,0001485432744946209
герой 0,001 0,00020473380155063855
глубокий 0,001 0,00015277147257012323
глухой 0,001 4,528622675603799E-05
глядеть 0,001 0,0002217578622230558
глянуть 0,001 4,116929705094362E-05
говорить 0,001 0,0019527599006596231
год 0,009 0,00414752850695655
голова 0,001 0,0007893378196740379
голодный 0,001 3,7274904086665174E-05
гордость 0,001 4,17256389029834E-05
горелый 0,001 3,1155143714227603E-06
гореть 0,001 8,523157173249408E-05
горячо 0,001 2,091845363669568E-05
господин 0,001 0,00017202090065069955
государственный 0,001 0,0004353931334063308
государство 0,001 0,0003631799610115675
гражданин 0,001 0,00022186913059346375
грамм 0,001 2,5257920082605952E-05
граната 0,001 1,7357865783641096E-05
даже 0,001 0,0013127442340730617
далекий 0,001 0,0003541672230085231
данный 0,003 0,00026826804105358127
дар 0,001 4,9291888090724386E-05
дать 0,001 0,0006376790308079943
два 0,002 0,001429909828112639
дедушка 0,002 5,42989647590824E-05
дежурный 0,001 2,5146651712197998E-05
действие 0,001 0,0003664067437533983
дело 0,001 0,0015712206585307429
день 0,003 0,001400201173213715
дерево 0,001 0,00019127032873127593
держать 0,001 0,00021864234785163303
десна 0,001 4,005661334686407E-06
детство 0,001 0,0001245093064865025
директор 0,002 0,00024723831904647765
для 0,001 0,0035931894855841147
до 0,005 0,0022933523824783756
добрый 0,001 0,00019038018176801227
договоренность 0,001 2,0250843414247945E-05
договорить 0,001 8,456396151004636E-06
доктор 0,001 0,00015922503805378466
документ 0,001 0,00025235666408524363
должен 0,002 0,001050595953391918
доля 0,002 0,0001239529646344627
дом 0,001 0,0008819131038534572
дома 0,001 0,00015855742783133693
допытываться 0,001 4,784539927542096E-06
дорога 0,001 0,0003672968907166619
достаточно 0,001 0,00022776635422508537
достопримечательность 0,001 6,7873705948853E-06
дочь 0,001 0,00015844615946092897
другой 0,002 0,0020443337695053706
дружный 0,001 1,4576156523442201E-05
думать 0,003 0,0008406325384321056
дурак 0,001 7,76653225447531E-05
душевный 0,001 4,461861653359025E-05
европеец 0,001 1,3797277930586511E-05
его 0,001 0,002868387320746691
единение 0,001 6,5648338540693885E-06
если 0,004 0,0022232533091213636
еще 0,002 0,0025857656599104833
ждать 0,002 0,0004007886702094566
же 0,001 0,0034986113707373523
женщина 0,002 0,0005933942193856278
жизнь 0,003 0,0015464078119297687
жить 0,002 0,0008072520273097189
за 0,001 0,004344028449097
забота 0,001 6,731736409681322E-05
забыть 0,001 0,00025146651712197994
задание 0,001 5,619052705601765E-05
законодательство 0,001 9,713728736614535E-05
законопроект 0,001 3,7274904086665174E-05
закончить 0,001 9,925138640389653E-05
закрытие 0,001 1,3908546300994467E-05
заниматься 0,001 0,00026793423594235745
заполнить 0,001 3,438192645605832E-05
застраховать 0,001 1,068176355916375E-05
захватывать 0,001 1,3686009560178557E-05
зачем 0,001 0,00027561175350050633
звездолет 0,001 5,785955261213698E-06
земля 0,001 0,0005501108232969332
знакомый 0,002 0,00014843200612421297
знание 0,001 0,00016289689427724722
знать 0,001 0,0019069173320515453
золотой 0,001 0,00013741643745382535
зона 0,001 0,00012951638315486047
зрелище 0,001 2,536918845301391E-05
и 0,042 0,0398360794367155
играть 0,002 0,0003550573699717868
идти 0,003 0,0010649495731745444
из 0,005 0,004800228767769619
известие 0,001 0,00010125421707123972
или 0,002 0,002609243286066562
имидж 0,001 1,5021230005074024E-05
имя 0,001 0,00044696504392875816
инвестиция 0,001 5,42989647590824E-05
инженер 0,001 7,021034172742008E-05
иной 0,001 0,00038754773413090984
институт 0,001 0,00025202285897401975
искать 0,001 0,00023021425837406042
источник 0,001 0,00013763897419464126
истреблять 0,001 2,892977630606849E-06
к 0,005 0,005996252481284735
как 0,006 0,004899925227655147
как-то 0,001 0,0002817315138729439
какой 0,002 0,0012147167997436528
какой-либо 0,001 7,254697750598714E-05
какой-то 0,001 0,0008485325927310704
канадский 0,001 9,235274743860326E-06
канонический 0,001 6,1197603724375654E-06
капуста 0,001 2,4145236378526396E-05
кара 0,001 7,900054298964858E-06
карикатура 0,001 8,122591039780768E-06
картина 0,001 0,0002046225331802306
качество 0,003 0,0003690771846431892
каюта 0,001 1,3908546300994467E-05
кинетический 0,001 2,892977630606849E-06
кислород 0,001 2,3477626156078663E-05
кисть 0,001 2,904104467647645E-05
книга 0,001 0,0004605397851185288
когда 0,002 0,002109314497823617
количество 0,001 0,0002299917216332445
команда 0,002 0,0001938295012506589
коммуникация 0,001 1,8359281117312698E-05
комната 0,001 0,0003457108268575185
компания 0,001 0,0004369508905920422
конец 0,001 0,0007062203469792951
конечно 0,001 0,0007202401616506974
контроль 0,001 0,00014598410197523792
кормушка 0,001 4,005661334686407E-06
коррупция 0,001 2,5591725193829818E-05
который 0,004 0,004683285710470857
краснодарский 0,001 9,680348225492148E-06
крестьянин 0,001 4,6843983941749365E-05
кризис 0,001 5,9194773057032454E-05
кто 0,001 0,0015297175563685754
кто-то 0,001 0,0003471573156728219
кубометр 0,001 6,00849200202961E-06
кукла 0,001 2,81508977132128E-05
купить 0,001 0,0002144141497761307
кухня 0,001 0,00013363331285995482
лампочка 0,001 2,4145236378526396E-05
ледяной 0,001 3,371431623361059E-05
лечь 0,001 7,06554152090519E-05
ли 0,001 0,0010923215922949015
литература 0,001 0,00017357865783641094
ложный 0,001 2,5925530305053688E-05
локоть 0,001 4,4729884903998206E-05
лопнуть 0,001 1,6912792302009272E-05
лучший 0,001 0,0004931414176480598
любить 0,002 0,0005597911715224253
любовь 0,001 0,0003603982517513686
мальчик 0,001 0,0002091845363669568
маркетинговый 0,001 8,122591039780768E-06
матрос 0,001 2,459030986015822E-05
машина 0,001 0,0005456600884806149
мелькать 0,001 2,2364942451999103E-05
местный 0,001 0,00021508175999857844
место 0,002 0,0010310127202001178
министр 0,001 0,0001714645587986598
минус 0,001 1,8581817858128607E-05
минута 0,001 0,0003829857309441836
мирный 0,001 5,352008616622671E-05
много 0,001 0,0005340881779581875
многочисленный 0,001 6,932019476415642E-05
можно 0,002 0,0012527705824231738
мой 0,003 0,0019141497761280624
мокрый 0,001 6,820751106007686E-05
мол 0,001 0,00011037822344469209
московский 0,001 0,0002862935170596701
мочь 0,003 0,003240468751390895
муж 0,001 0,0002926358141729236
мумия 0,001 4,450734816318229E-06
мы 0,007 0,005234954290953502
на 0,01 0,01765528613774156
наверное 0,001 0,0002450129516383185
нагрузка 0,001 4,361720119991865E-05
надежный 0,001 5,251867083255511E-05
надо 0,001 0,0011051174548918164
надоедать 0,001 5,452150149989831E-06
назад 0,001 0,0003234571527759273
наиболее 0,002 0,00018604071532210198
например 0,001 0,0004428481142236638
наружный 0,001 2,3032552674446836E-05
насекомое 0,001 1,9026891339760434E-05
насос 0,001 1,513249837548198E-05
насчет 0,001 6,664975387436549E-05
находиться 0,001 0,0003813167053880643
нацелить 0,001 1,1460642152019442E-05
нация 0,001 5,463276987030627E-05
начало 0,001 0,000402123890654352
начать 0,003 0,0005266331971408545
наш 0,004 0,0019269456387249774
не 0,028 0,02005946181714626
невиновность 0,001 4,116929705094363E-06
нежность 0,001 2,5925530305053688E-05
незадолго 0,001 1,7357865783641096E-05
некий 0,001 0,00013663755886096965
необходимо 0,001 0,00016578987190785406
необходимый 0,001 0,00022665367052100582
неплохо 0,001 4,0056613346864065E-05
неприятно 0,001 1,5577571857113804E-05
неприятный 0,001 5,1739792239699415E-05
нервный 0,001 5,007076668358008E-05
несколько 0,001 0,0006939808262344199
несмотря 0,001 0,00016011518501704832
нет 0,001 0,0009724855573655331
ни 0,002 0,0009549051548410762
никогда 0,001 0,00044707631229916616
никуда 0,001 5,930604142744041E-05
ничего 0,001 1,9249428080576342E-05
ничто 0,001 0,0010045308480430243
но 0,01 0,00598779608513373
новизна 0,001 8,122591039780768E-06
новость 0,001 7,26582458763951E-05
новый 0,002 0,0013546924097168611
нормальный 0,001 0,00013708263234260147
нравиться 0,001 0,00017869700287517692
о 0,003 0,00379102464816946
обвинять 0,001 2,481284660097413E-05
областной 0,001 6,631594876314162E-05
образ 0,003 0,0004961456636490746
обстоятельство 0,001 0,00013819531604668104
объем 0,001 0,00018448295813639062
объяснять 0,001 0,00010247816914572723
один 0,003 0,0024987537942514617
однако 0,002 0,0005419882322571524
однородный 0,001 8,456396151004636E-06
он 0,002 0,013119764823172468
она 0,006 0,006222572346694516
онанизм 0,001 3,449319482646628E-06
они 0,006 0,005396515964785853
оно 0,001 0,0004391762580002013
определенный 0,001 0,00017936461309762464
определять 0,001 0,00010648383048041365
опять 0,001 0,00038076036353602453
организация 0,002 0,0003476023891544537
основной 0,001 0,00037174762553298014
остаться 0,001 0,0005370924239592024
осуществить 0,001 4,083549193971976E-05
от 0,006 0,004086330903232175
ответ 0,001 0,0002929696192841475
ответить 0,002 0,00041213804399106805
ответственность 0,001 0,00012662340552425363
отвлекать 0,001 1,2462057485691041E-05
отдел 0,001 0,00012929384641404456
отклонение 0,001 1,8136744376496786E-05
открывать 0,001 9,535699343961807E-05
открыть 0,001 0,00023900445963628893
отличиться 0,002 6,00849200202961E-06
отпуск 0,001 4,9848229942764165E-05
отпустить 0,001 6,409058135498251E-05
очевидно 0,001 9,813870269981697E-05
очень 0,004 0,0014318013904095744
ощутимый 0,001 1,201698400405922E-05
память 0,001 0,00019416330636188277
папа 0,001 0,00015955884316500854
партия 0,001 0,00027861599950152117
первый 0,002 0,0014972271922094522
переезжать 0,001 8,34512778059668E-06
пестрый 0,001 1,9917038303024075E-05
плащ-палатка 0,001 3,2267827418307163E-06
плохо 0,001 0,000140754488566064
по 0,007 0,006438766790397174
победить 0,001 5,8860967945808584E-05
победно 0,001 3,3380511122386723E-06
повсеместно 0,001 7,232444076517123E-06
повышение 0,001 9,70260189957374E-05
под 0,004 0,0012528818507935816
подворотня 0,001 7,677517558148946E-06
подняться 0,001 0,0001515475204956357
подобный 0,002 0,0003355854051503945
подобраться 0,001 7,454980817333035E-06
подол 0,001 8,901469632636458E-06
подскочить 0,001 1,3129667708138777E-05
подходить 0,001 0,00013007272500690026
пожить 0,001 1,880435459894452E-05
позволить 0,001 0,00017758431917109735
позиция 0,001 0,0001864857888037338
пока 0,006 0,0004075760408043419
показать 0,002 0,00030899226462289305
покойник 0,001 1,7802939265272916E-05
полететь 0,001 3,260163252953103E-05
полковник 0,001 9,658094551410558E-05
полный 0,001 0,0004346142548134751
полтора 0,001 7,488361328455421E-05
получить 0,001 0,0006205437017651692
поменяться 0,001 8,233859410188726E-06
помнить 0,002 0,0004040154529512873
понимание 0,001 9,646967714369763E-05
понять 0,001 0,0006544805547395957
попросту 0,001 2,6481872157093466E-05
попытка 0,001 0,0001213937921150797
порция 0,001 1,880435459894452E-05
посидеть 0,001 3,8165051049928815E-05
после 0,001 0,0012018096687763298
последний 0,001 0,0007928984075270926
послужить 0,001 2,7928360972396892E-05
посол 0,001 4,0724223569311805E-05
постепенно 0,001 0,00010203309566409541
потенциал 0,001 4,829047275705279E-05
потеря 0,001 7,755405417434515E-05
потом 0,002 0,0011194710746744428
потухнуть 0,001 3,449319482646628E-06
похожий 0,001 0,0002297691848924286
почему 0,001 0,0005643531747091515
почему-то 0,001 0,00014954468982829251
почувствовать 0,002 0,00013819531604668104
поэтический 0,001 3,071007023259578E-05
поэтому 0,002 0,0004687736445287175
правило 0,002 0,00028796254261578944
предварительный 0,001 4,528622675603799E-05
предельно 0,001 1,9026891339760434E-05
предприятие 0,001 0,0003133317310688034
предшественник 0,001 1,5577571857113804E-05
при 0,004 0,0017255498882865776
прибыть 0,001 6,197648231723135E-05
привлечение 0,001 2,892977630606849E-05
пригласить 0,001 0,00010926553974061253
придавать 0,001 4,128056542135158E-05
придумать 0,001 0,00010893173462938867
приехать 0,001 0,00026081306023624827
прийти 0,001 0,0005822673823448324
приказывать 0,001 1,1905715633651263E-05
прикрывать 0,001 2,013957504383999E-05
пример 0,001 0,00022387196126080693
принести 0,001 0,0001578898176088892
приняться 0,001 6,820751106007686E-05
проблема 0,001 0,0005284134910673818
провал 0,001 2,5257920082605952E-05
проговорить 0,001 4,6843983941749365E-05
произвести 0,001 7,510615002537012E-05
противоправный 0,001 3,3380511122386723E-06
протянуть 0,001 8,82358177335089E-05
профсоюз 0,001 1,980576993261612E-05
проходить 0,001 0,00019516472169555437
прохожий 0,001 2,581426193464573E-05
процессуальный 0,001 3,716363571625721E-05
прочий 0,001 0,00010592748862837386
прямо 0,001 0,00014498268664156635
псих 0,001 7,788785928556902E-06
пытаться 0,001 0,0002775033157974416
пьяный 0,001 6,676102224477344E-05
пять 0,001 0,0003163359770698182
разве 0,001 0,00018515056835883835
развитие 0,001 0,0004145859481400431
развлечение 0,001 2,013957504383999E-05
разговаривать 0,001 0,00010615002536918977
разговор 0,001 0,0003096598748453408
раздражить 0,001 5,8972236316216535E-06
различный 0,002 0,00022865650118834903
размах 0,001 1,8693086228536564E-05
раскраснеться 0,001 4,673271557134141E-06
распорядиться 0,001 2,0362111784655902E-05
рассказ 0,001 0,0001460953703456459
растерянно 0,001 1,880435459894452E-05
расчет 0,001 0,0001211712553742638
регистр 0,001 5,007076668358008E-06
рейс 0,001 2,4479041489750262E-05
рейтинг 0,001 3,182275393667534E-05
реплика 0,001 2,659314052750142E-05
республика 0,001 0,0001417559038997356
ресурс 0,001 0,00010982188159265232
реформа 0,001 0,00014809820101298907
решить 0,001 0,00045586651356139467
родственник 0,001 7,499488165496218E-05
роль 0,002 0,0003314684754453001
роман 0,001 0,00017547022013334617
российский 0,001 0,0007172359156496827
руководитель 0,001 0,0001802547600608883
русский 0,001 0,0005902787050142052
с 0,014 0,012586566792177544
салон 0,001 4,9959498313172126E-05
сам 0,002 0,0022101236414132247
самодельный 0,001 9,791616595900106E-06
сборная 0,002 3,3825584604018544E-05
сварной 0,001 4,673271557134141E-06
свеча 0,001 3,5160805048914016E-05
свой 0,004 0,004256571509956347
связь 0,001 0,0003850998299819348
святой 0,001 0,00012884877293241275
сделать 0,001 0,0008272803339831509
себя 0,001 0,0025289075226320183
сейчас 0,003 0,0009984110876705868
семерка 0,001 5,118345038765963E-06
семья 0,001 0,0003077683125484056
сенсационный 0,001 6,5648338540693885E-06
сила 0,002 0,0007185711360945781
система 0,002 0,0006874159923803505
ситуация 0,001 0,00033246989077897175
сказать 0,001 0,002666657765197067
сказка 0,001 6,086379861315179E-05
склад 0,001 5,196232898051533E-05
склон 0,001 2,926358141729236E-05
скорый 0,001 0,00024479041489750263
скотина 0,001 1,2239520744875131E-05
скрипач 0,001 7,900054298964858E-06
слово 0,001 0,0010769665571786036
служить 0,001 0,0001561095236823619
случай 0,002 0,0007896716247852619
слышать 0,001 0,00028495829661477466
сместить 0,001 5,452150149989831E-06
смесь 0,001 4,205944401420726E-05
смех 0,001 8,300620432433497E-05
снаружи 0,001 2,114099037751159E-05
со 0,002 0,0012810327485067944
собираться 0,001 0,00021430288140572275
собственный 0,002 0,00037642089709011425
совет 0,001 0,0002731638493515313
современность 0,001 1,4464888153034245E-05
совсем 0,001 0,0005123908457286361
сознательный 0,001 1,802547600608883E-05
соображение 0,001 4,039041845808793E-05
сорок 0,001 0,00011071202855591595
соседка 0,001 3,160021719585943E-05
состав 0,001 0,00023344104111589116
состояние 0,001 0,00032757408248102165
состояться 0,001 0,00011471768989060236
сотрудник 0,001 0,0001503235684211482
сохранить 0,001 8,812454936310095E-05
спектакль 0,001 0,00018325900606190308
список 0,001 0,00010815285603653298
сразу 0,001 0,0005407642801826648
ставить 0,002 0,0001543292297558346
становиться 0,001 0,00028851888446782925
станция 0,001 0,00011460642152019441
стараться 0,001 0,00019227174406494753
старик 0,001 0,00016801523931601317
стать 0,002 0,0018045504312762261
статья 0,001 0,00043951006311142516
стоить 0,001 0,0005584559510775298
стол 0,001 0,00044785519089202185
столкновение 0,001 2,4145236378526396E-05
столько 0,001 0,00011093456529673187
сторона 0,001 0,0008548748898443239
страх 0,001 0,00015399542464461074
страшно 0,001 9,70260189957374E-05
строить 0,001 9,146260047533962E-05
сумма 0,001 0,0001453164917527902
существовать 0,001 0,0002902991783943565
сущность 0,001 6,898638965293255E-05
сцена 0,001 0,00019716755236289755
считаться 0,001 0,00012873750456200478
сюртук 0,001 3,783124593870495E-06
так 0,005 0,003828077015515309
такой 0,002 0,0030006854131617504
там 0,001 0,0012552184865721485
твой 0,002 0,00040790984591556576
тепло 0,001 5,496657498153013E-05
терять 0,001 8,233859410188724E-05
теряться 0,001 1,7357865783641096E-05
технический 0,001 0,00013730516908341738
то 0,006 0,004411123276452997
товарищ 0,001 0,0002565848621607459
только 0,002 0,0026612056150470773
тот 0,003 0,0033014438183744544
точно 0,001 0,0001799209549496644
трава 0,001 9,869504455185674E-05
требование 0,001 0,00017736178243028144
тревожный 0,001 2,3477626156078663E-05
три 0,001 0,0006639383662242719
тронуться 0,001 1,535503511629789E-05
труд 0,002 0,00031811627099634544
трясти 0,001 1,9471964821392254E-05
туда 0,001 0,00021330146607205115
ты 0,001 0,0035285425623770923
у 0,006 0,004791327298136983
убивать 0,001 5,5411648463161954E-05
убийственный 0,001 5,22961340917392E-06
увеличить 0,001 4,817920438664483E-05
уголовно-процессуальный 0,001 3,2267827418307163E-06
угрожающе 0,001 6,1197603724375654E-06
угроза 0,001 8,289493595392703E-05
удача 0,001 4,595383697848572E-05
уже 0,001 0,002424760327930171
узнавать 0,001 9,813870269981697E-05
улица 0,001 0,0003758645552380745
улыбнуться 0,001 0,00013240936078546734
умно 0,001 3,560587853054584E-06
универсальный 0,001 2,8595971194844625E-05
университет 0,001 0,0001038133895906227
упускать 0,001 8,34512778059668E-06
услуга 0,002 0,0001538841562742028
успеть 0,001 0,00022631986540978198
успокоиться 0,001 5,12947187580676E-05
установленный 0,001 2,403396800811844E-05
устраивать 0,001 6,386804461416659E-05
утрачивать 0,001 5,8972236316216535E-06
утро 0,001 0,00033525160003917065
участвовать 0,001 0,00012573325856098997
училище 0,001 4,050168682849589E-05
учительница 0,001 2,8707239565252582E-05
учить 0,001 8,534284010290205E-05
уютный 0,001 2,370016289689457E-05
фамилия 0,001 0,0001314079454517957
федерация 0,002 0,0002880738109861974
фокусник 0,001 5,674686890805742E-06
фонд 0,001 0,00014309112434463108
форма 0,001 0,0003869913922788701
формула 0,001 7,310331935802692E-05
хата 0,001 1,9694501562208163E-05
ходить 0,001 0,0003300219866299967
хороший 0,001 0,0005245190981031033
хотеть 0,004 0,0011030033558540652
хотя 0,001 0,0006085267177611098
христианин 0,001 2,6036798675461642E-05
человек 0,001 0,0030298377262086345
через 0,002 0,0008961554552656755
черт 0,001 0,00012261774418956722
чеченский 0,001 4,528622675603799E-05
число 0,001 0,00043784103755530583
чтение 0,001 6,208775068763929E-05
что 0,008 0,009295359663880622
что-то 0,001 0,0007428276408435125
чувствительность 0,001 1,2684594226506955E-05
чулок 0,001 1,3352204448954689E-05
шестой 0,001 4,662144720093345E-05
шик 0,001 4,895808297950053E-06
школа 0,001 0,0003516080504891401
щека 0,001 7,933434810087244E-05
экологический 0,001 4,528622675603799E-05
эссе 0,001 5,563418520397787E-06
этап 0,001 0,00012272901255997516
это 0,007 0,006350976046145298
этот 0,008 0,006024069573886724
я 0,013 0,014113725176026737
ярус 0,001 7,232444076517123E-06
а 0,011 0,009121781006044211
автор 0,001 0,000291634398839252
авторитетный 0,001 1,3463472819362643E-05
ад 0,001 2,637060378668551E-05
алкоголик 0,001 1,1126837040795574E-05
архангельский 0,001 9,90288496630806E-06
аудитория 0,001 3,549461016013788E-05
аэропорт 0,001 4,139183379175954E-05
баллада 0,001 5,674686890805742E-06
батальон 0,001 2,5591725193829818E-05
башмак 0,001 8,678932891820548E-06
безопасность 0,001 0,00015254893582930732
бесплатный 0,001 2,926358141729236E-05
блюдо 0,001 3,4826999937690146E-05
бог 0,001 0,0004733356477154437
более 0,003 0,0007857772318209835
брать 0,001 0,0002518003222332038
буран 0,001 4,562003186726185E-06
бы 0,002 0,0025840966343543643
быстрый 0,001 0,00013329950774873097
быть 0,015 0,013531012720200275
в 0,045 0,03490956106853285
ведь 0,001 0,0005473291140367342
верить 0,001 0,00021930995807408076
весь 0,005 0,004212954308756428
видеть 0,001 0,0009103978066778939
вино 0,001 9,00161116600362E-05
витрина 0,001 2,114099037751159E-05
внимание 0,001 0,0003182275393667534
во 0,002 0,0012993920296241071
вода 0,001 0,0005394290597377694
водитель 0,001 7,332585609884284E-05
вождение 0,001 4,562003186726185E-06
возможность 0,001 0,00045341860941241964
война 0,002 0,00047389198956748345
волейбол 0,001 4,116929705094363E-06
волшебник 0,001 1,1238105411203529E-05
восточный 0,001 7,16568305427235E-05
вот 0,002 0,001986251680152418
впервые 0,001 0,00017302231598437118
впрочем 0,001 0,0002455692934903583
время 0,002 0,0022428365423131638
все 0,002 0,003456885731834369
вслух 0,001 3,927773475400837E-05
встать 0,001 0,0001914928654720918
встретить 0,001 0,00012628960041302976
встреча 0,001 0,00025024256504749243
всякий 0,001 0,0004152535583624908
вы 0,001 0,003233903917536826
выразить 0,001 6,420184972539046E-05
высоко 0,001 8,934850143758846E-05
выставлять 0,001 1,3686009560178557E-05
гвардия 0,001 1,3240936078546733E-05
где 0,001 0,0012564424386466361
где-нибудь 0,001 3,2267827418307164E-05
геофизический 0,001 6,231028742845521E-06
герой 0,001 0,00020473380155063855
гимнастика 0,001 9,569079855084192E-06
главное 0,001 0,00011204724900081143
глаз 0,001 0,0009542375446186284
говорить 0,001 0,0019527599006596231
год 0,005 0,00414752850695655
голубоглазый 0,001 3,783124593870495E-06
голубь 0,002 1,5243766745889936E-05
голый 0,001 7,276951424680305E-05
гора 0,001 0,00012851496782118887
гостиница 0,001 7,666390721108151E-05
гражданский 0,001 0,00016100533198031193
граница 0,001 0,00017101948531702795
грек 0,001 1,6356450449969494E-05
греховный 0,001 3,671856223462539E-06
греческий 0,001 3,082133860300374E-05
грудь 0,001 0,00015444049812624258
грязный 0,001 6,486945994783819E-05
губа 0,001 0,0001591137696833767
губерния 0,001 1,6356450449969494E-05
да 0,005 0,0008912596469677254
даже 0,001 0,0013127442340730617
далее 0,001 0,00025547217845666635
дать 0,002 0,0006376790308079943
два 0,002 0,001429909828112639
двигаться 0,001 9,713728736614535E-05
девичий 0,001 1,3352204448954689E-05
действовать 0,001 0,00017079694857621207
делать 0,001 0,0007801025449301777
дело 0,003 0,0015712206585307429
день 0,001 0,001400201173213715
дефолт 0,001 6,1197603724375654E-06
деятельность 0,001 0,00034882634122894126
для 0,005 0,0035931894855841147
до 0,003 0,0022933523824783756
добро 0,001 6,564833854069388E-05
доведение 0,001 3,1155143714227603E-06
договор 0,001 0,00019227174406494753
дома 0,001 0,00015855742783133693
дорога 0,001 0,0003672968907166619
доход 0,001 0,00011527403174264213
друг 0,002 0,0009727080941063491
другой 0,003 0,0020443337695053706
дружба 0,001 6,564833854069388E-05
еврей 0,001 9,357669951309076E-05
его 0,001 0,002868387320746691
еда 0,001 6,331170276212682E-05
ее 0,004 0,0013565839720137965
если 0,002 0,0022232533091213636
еще 0,001 0,0025857656599104833
жадный 0,001 1,2462057485691041E-05
жаль 0,001 5,785955261213698E-05
жаркий 0,001 2,8818507935660533E-05
жать 0,001 1,2684594226506955E-05
ждать 0,001 0,0004007886702094566
же 0,003 0,0034986113707373523
желать 0,001 0,0001369713639721935
жизненно 0,001 8,456396151004636E-06
за 0,003 0,004344028449097
заботиться 0,001 3,026499675096396E-05
завод 0,001 0,00018248012746904742
завтра 0,001 0,0001541066930150187
завязаться 0,001 6,00849200202961E-06
заглянуть 0,001 5,6746868908057425E-05
загонять 0,001 7,788785928556902E-06
задать 0,001 4,9069351349908485E-05
задержать 0,001 3,771997756829699E-05
закон 0,001 0,00048223711734808014
закончиться 0,001 6,420184972539046E-05
закрытый 0,001 5,641306379683356E-05
залп 0,001 1,1349373781611485E-05
заметить 0,002 0,00028251039246579964
заново 0,001 2,7705824231580977E-05
зарплата 0,001 8,400761965800658E-05
затянуть 0,001 1,5021230005074024E-05
заулыбаться 0,001 6,6761022244773445E-06
звонить 0,001 0,00012840369945078093
здание 0,001 0,0001445376131599345
знать 0,001 0,0019069173320515453
значение 0,001 0,0002282114277067172
и 0,038 0,0398360794367155
игра 0,001 0,0002214240571118319
играть 0,001 0,0003550573699717868
из 0,003 0,004800228767769619
изба 0,001 3,749744082748109E-05
изменение 0,002 0,00020006052999350444
изучение 0,001 8,34512778059668E-05
изъять 0,001 1,5800108597929716E-05
или 0,004 0,002609243286066562
именно 0,001 0,0006135337944294679
импорт 0,001 1,8470549487720652E-05
институт 0,001 0,00025202285897401975
интересный 0,001 0,00019127032873127593
исполниться 0,001 2,2364942451999103E-05
использовать 0,001 0,00027772585253825753
испытать 0,001 4,0612955198903844E-05
истово 0,001 3,1155143714227603E-06
исчезнуть 0,001 0,00011115710203754778
их 0,001 0,0011972476655896036
к 0,008 0,005996252481284735
каждый 0,001 0,0009745996564032843
как 0,009 0,004899925227655147
какой 0,001 0,0012147167997436528
какой-нибудь 0,001 0,0001766941722078337
капитан 0,002 0,00013240936078546734
капризничать 0,001 3,2267827418307163E-06
картина 0,001 0,0002046225331802306
качаться 0,001 1,5577571857113804E-05
качество 0,001 0,0003690771846431892
киоск 0,001 1,490996163466607E-05
кипеть 0,001 2,102972200710363E-05
китаец 0,001 2,2810015933630927E-05
клиент 0,001 9,780489758859309E-05
клиника 0,001 2,481284660097413E-05
книга 0,002 0,0004605397851185288
ко 0,001 0,0002667102838678699
кожа 0,001 0,00012183886559671153
коляска 0,001 1,8693086228536564E-05
командировка 0,001 3,026499675096396E-05
комиссар 0,001 2,4145236378526396E-05
композитор 0,001 3,983407660604815E-05
композиция 0,001 2,981992326933214E-05
конец 0,001 0,0007062203469792951
конечно 0,002 0,0007202401616506974
контакт 0,001 6,264409253967908E-05
контора 0,001 3,1377680455043516E-05
король 0,001 6,242155579886317E-05
короткий 0,001 0,00019538725843637028
который 0,004 0,004683285710470857
крематорий 0,001 3,783124593870495E-06
критерий 0,001 5,2407402462147154E-05
кроме 0,001 0,0003823181207217359
круглый 0,001 8,000195832332018E-05
крыша 0,001 9,457811484676238E-05
крючок 0,001 1,9694501562208163E-05
кстати 0,001 0,0002117437088863398
кто 0,001 0,0015297175563685754
кто-то 0,001 0,0003471573156728219
куда-то 0,001 7,321458772843487E-05
культура 0,002 0,0002561397886791141
кусочек 0,001 3,97228082356402E-05
легендарный 0,001 1,880435459894452E-05
лес 0,001 0,0002353326034128264
летучий 0,001 1,1571910522427397E-05
ли 0,001 0,0010923215922949015
литература 0,001 0,00017357865783641094
лицо 0,001 0,0009769362921818513
личный 0,001 0,00016601240864866994
лишний 0,001 9,290908929064304E-05
лишь 0,001 0,0006147577465039554
лопата 0,001 2,1697332229551367E-05
лучший 0,001 0,0004931414176480598
любить 0,001 0,0005597911715224253
любовник 0,001 2,091845363669568E-05
мама 0,001 0,0003589517629360652
маневр 0,001 1,702406067241723E-05
мастер 0,001 0,00011215851737121939
матрос 0,001 2,459030986015822E-05
машина 0,001 0,0005456600884806149
медицина 0,001 3,09326069734117E-05
медленно 0,001 0,00012840369945078093
мера 0,001 0,0003163359770698182
местечко 0,001 1,4353619782626291E-05
место 0,001 0,0010310127202001178
метод 0,001 0,0002191986897036728
механизм 0,001 0,00011137963877836369
мешок 0,001 6,798497431926095E-05
милиция 0,001 0,00010003026499675222
милость 0,001 2,2921284304038885E-05
милый 0,001 0,00010092041196001585
министерство 0,001 0,0001143838847793785
минувший 0,001 2,5257920082605952E-05
минута 0,002 0,0003829857309441836
мир 0,001 0,0007952350433056597
много 0,001 0,0005340881779581875
можно 0,003 0,0012527705824231738
монета 0,001 1,9471964821392254E-05
мотать 0,001 9,012738003044414E-06
мочь 0,003 0,003240468751390895
мужчина 0,001 0,0002817315138729439
мы 0,003 0,005234954290953502
мысль 0,001 0,00036896591627278124
мэр 0,001 5,162852386929146E-05
мясо 0,001 7,94456164712804E-05
на 0,018 0,01765528613774156
наблюдение 0,001 7,08779519498678E-05
наградить 0,001 2,214240571118319E-05
надежда 0,001 0,0001719096322802916
надо 0,002 0,0011051174548918164
назад 0,001 0,0003234571527759273
название 0,001 0,00016890538627927683
наибольший 0,001 3,616222038258562E-05
наконец 0,001 0,00029586259691475426
намекнуть 0,001 9,569079855084192E-06
намечаться 0,001 9,12400637345237E-06
написать 0,001 0,00037408426131154717
например 0,001 0,0004428481142236638
напротив 0,001 6,10863353539677E-05
напрягать 0,001 7,121175706109168E-06
напряжение 0,001 5,641306379683356E-05
настроение 0,001 9,457811484676238E-05
научить 0,002 3,983407660604815E-05
находиться 0,001 0,0003813167053880643
начальник 0,001 0,00022131278874142396
начинать 0,001 0,000329354376407549
наш 0,005 0,0019269456387249774
не 0,022 0,02005946181714626
небо 0,001 0,00020873946288532495
невозможный 0,001 7,532868676618604E-05
неделя 0,001 0,0002694919931280688
недостойный 0,001 1,1126837040795574E-05
незадолго 0,001 1,7357865783641096E-05
незнакомый 0,001 5,285247594377898E-05
некоторый 0,001 0,0004572017340062901
нельзя 0,001 0,00035349961278607537
немой 0,001 1,4019814671402423E-05
необязательный 0,001 5,452150149989831E-06
неожиданный 0,001 7,121175706109167E-05
несколько 0,002 0,0006939808262344199
нет 0,001 0,0009724855573655331
нечеловеческий 0,001 8,34512778059668E-06
нижегородский 0,001 1,535503511629789E-05
никакой 0,001 0,00042693673725532617
ничто 0,002 0,0010045308480430243
но 0,002 0,00598779608513373
новый 0,001 0,0013546924097168611
ночь 0,001 0,0004481889960032457
ну 0,002 0,0012401972565670746
нужный 0,002 0,0003915533954655962
о 0,003 0,00379102464816946
обеспечение 0,001 0,0001321868240446514
обеспечивать 0,001 9,735982410696128E-05
обещать 0,001 0,00011927969307732855
обладать 0,001 0,00011705432566916944
обнародовать 0,001 7,232444076517123E-06
обогнуть 0,001 5,118345038765963E-06
обосновывать 0,001 4,450734816318229E-06
образ 0,001 0,0004961456636490746
обратно 0,002 9,758236084777718E-05
обреченно 0,001 4,005661334686407E-06
обучать 0,001 1,513249837548198E-05
одеваться 0,001 2,225367408159115E-05
один 0,004 0,0024987537942514617
однако 0,001 0,0005419882322571524
оказаться 0,001 0,0005918364621999166
окончить 0,001 4,050168682849589E-05
он 0,013 0,013119764823172468
она 0,005 0,006222572346694516
они 0,007 0,005396515964785853
опасность 0,002 7,610756535904174E-05
определенный 0,002 0,00017936461309762464
определяться 0,001 6,843004780089278E-05
опять 0,002 0,00038076036353602453
оскорбление 0,001 1,3018399337730821E-05
оснащение 0,001 7,788785928556902E-06
осуществить 0,002 4,083549193971976E-05
от 0,006 0,004086330903232175
отвернуться 0,001 3,371431623361059E-05
ответ 0,002 0,0002929696192841475
ответить 0,001 0,00041213804399106805
ответственность 0,001 0,00012662340552425363
отвечать 0,001 0,0002585876928280891
отделение 0,001 0,00010036407010797608
открыть 0,002 0,00023900445963628893
отмена 0,001 2,5257920082605952E-05
отношение 0,002 0,0006202098966539452
отпадать 0,001 4,228198075502318E-06
отрицание 0,001 9,680348225492148E-06
отсутствие 0,001 0,0001473193224201334
отсутствовать 0,001 5,107218201725168E-05
очевидно 0,001 9,813870269981697E-05
очевидный 0,001 5,2407402462147154E-05
очередной 0,001 0,0001417559038997356
ощутимый 0,001 1,201698400405922E-05
парад 0,001 1,4687424893850156E-05
парень 0,001 0,0001561095236823619
пастись 0,001 6,231028742845521E-06
первый 0,001 0,0014972271922094522
перевести 0,001 7,388219795088261E-05
перед 0,001 0,0006973188773466587
передвигаться 0,001 1,2239520744875131E-05
переполнить 0,001 1,068176355916375E-05
перерыв 0,001 3,5717146900953794E-05
пересмотр 0,001 1,646771882037745E-05
перестать 0,001 0,00011772193589161717
перетекать 0,001 3,3380511122386723E-06
пермский 0,001 2,7928360972396892E-05
перспектива 0,001 8,834708610391686E-05
перчатка 0,001 2,2031137340775237E-05
петь 0,002 0,0001593363064241926
писать 0,001 0,0004943653697225474
письмо 0,001 0,0003385896511514093
плавно 0,001 1,6133913709153582E-05
плечо 0,001 0,00026303842764440735
площадь 0,001 0,0001615616738323517
по 0,006 0,006438766790397174
по-английски 0,001 1,4798693264258113E-05
побежать 0,001 6,631594876314162E-05
погибнуть 0,001 0,00010615002536918977
погладить 0,001 1,9249428080576342E-05
под 0,001 0,0012528818507935816
поддержание 0,001 2,2031137340775237E-05
подпускать 0,001 4,450734816318229E-06
подряд 0,001 3,4159389715242414E-05
подтверждать 0,001 4,361720119991865E-05
подчеркиваться 0,001 6,4535654836614325E-06
подыскивать 0,001 4,005661334686407E-06
пожалуй 0,001 0,00010448099981307044
позволить 0,001 0,00017758431917109735
позвонить 0,002 0,00014576156523442201
позиция 0,001 0,0001864857888037338
покидать 0,001 3,1043875343819646E-05
полевой 0,001 2,5146651712197998E-05
политический 0,001 0,0002999795266198487
получать 0,001 0,00020940707310777268
пользование 0,001 4,228198075502318E-05
пользоваться 0,001 0,00013363331285995482
помилование 0,001 3,1155143714227603E-06
помнить 0,001 0,0004040154529512873
помочь 0,001 0,00024345519445260715
понимать 0,002 0,0006227690691733283
понять 0,001 0,0006544805547395957
попадать 0,001 6,0196188390704056E-05
поперечный 0,001 1,6356450449969494E-05
после 0,002 0,0012018096687763298
постоянно 0,001 0,00013864038952831283
посягательство 0,001 4,784539927542096E-06
пот 0,001 3,349177949279468E-05
потом 0,001 0,0011194710746744428
похвастаться 0,001 7,232444076517123E-06
поцелуй 0,001 2,3477626156078663E-05
почва 0,001 6,253282416927112E-05
почему 0,001 0,0005643531747091515
почему-то 0,001 0,00014954468982829251
почерк 0,001 1,8136744376496786E-05
почти 0,002 0,0005582334143367139
почувствовать 0,001 0,00013819531604668104
поэтому 0,001 0,0004687736445287175
появиться 0,001 0,00032779661922183764
пояснить 0,001 4,261578586624704E-05
правило 0,001 0,00028796254261578944
право 0,001 0,0005133922610623077
правовой 0,001 7,922307973046448E-05
правый 0,002 0,00023410865133833888
практически 0,001 0,00016623494538948587
предел 0,001 0,00013129667708138777
предложение 0,001 0,00014965595819870045
предоставление 0,001 3,4493194826466276E-05
предполагать 0,001 8,24498624722952E-05
предприятие 0,001 0,0003133317310688034
председатель 0,001 0,00015833489109052102
представлять 0,001 0,00025424822638217884
прежде 0,001 0,00016389830961091882
преимущество 0,001 5,418769638867445E-05
премьер-министр 0,001 2,1252258747919547E-05
при 0,001 0,0017255498882865776
приготовить 0,001 4,2838322607062956E-05
придумать 0,001 0,00010893173462938867
прижиться 0,001 6,898638965293256E-06
приз 0,001 2,4924114971382082E-05
прилагаться 0,001 5,452150149989831E-06
присваивать 0,001 3,671856223462539E-06
приступать 0,001 1,2128252374467175E-05
причина 0,001 0,000263928574607671
пробить 0,001 2,0028306673432033E-05
проверка 0,001 7,143429380190759E-05
программа 0,001 0,00031444441477288296
продолжать 0,001 0,0002677116992015415
продолжение 0,001 4,728905742338119E-05
проект 0,001 0,000251355248751572
пройти 0,003 0,00044329318770529563
пропуск 0,001 2,13635271183275E-05
просить 0,001 0,00024022841171077644
простить 0,001 0,00011249232248244325
простой 0,001 0,00030632182373310215
протяжение 0,001 4,306085934787887E-05
протяженность 0,001 9,12400637345237E-06
профессия 0,001 6,598214365191775E-05
процесс 0,001 0,00041358453280637144
прыгнуть 0,001 2,013957504383999E-05
птичий 0,001 1,513249837548198E-05
пустой 0,001 0,00014186717227014357
путь 0,001 0,00039756188746762586
пытаться 0,001 0,0002775033157974416
работа 0,005 0,0011775531640273954
рабочий 0,001 0,00015355035116297892
равный 0,002 0,00032234446907184773
рад 0,001 6,7873705948853E-05
радостно 0,001 4,484115327440616E-05
разбойник 0,001 1,9026891339760434E-05
развитие 0,001 0,0004145859481400431
размышление 0,001 3,304670601116285E-05
рамка 0,001 0,00012306281767119904
рассказывать 0,001 0,00025591725193829817
расстрелять 0,001 3,249036415912307E-05
ребенок 0,002 0,0007324796823955725
революция 0,001 0,00011449515314978647
результат 0,002 0,0004485228011144696
рекорд 0,001 1,8136744376496786E-05
ресурс 0,001 0,00010982188159265232
реформирование 0,001 2,0807185266287723E-05
решение 0,001 0,0005044907914296713
рискованный 0,001 1,0904300299979662E-05
рубль 0,002 0,0003297994498891808
рука 0,001 0,0013358880551179164
с 0,008 0,012586566792177544
сам 0,002 0,0022101236414132247
самый 0,003 0,001120917563489746
свая 0,001 3,783124593870495E-06
свет 0,001 0,00040023232835741676
свой 0,004 0,004256571509956347
связать 0,001 0,00017825192939354507
сдаться 0,001 1,7357865783641096E-05
сделать 0,002 0,0008272803339831509
сегодня 0,002 0,0005157288968408748
сегодняшний 0,001 9,157386884574757E-05
сейф 0,002 1,4576156523442201E-05
сейчас 0,002 0,0009984110876705868
секретарь 0,001 8,567664521412591E-05
сентябрь 0,001 0,00010247816914572723
середина 0,001 9,813870269981697E-05
сила 0,001 0,0007185711360945781
сильный 0,001 0,0002453467567495424
сказать 0,002 0,002666657765197067
скважина 0,001 3,182275393667534E-05
сквозь 0,001 0,0001229515493007911
скоро 0,001 0,00018615198369250995
скорость 0,001 0,00011705432566916944
следовательно 0,001 5,552291683356991E-05
слеза 0,001 0,00012706847900588545
словно 0,001 0,00023277343089344338
слово 0,001 0,0010769665571786036
словом 0,001 3,616222038258562E-05
сложный 0,001 0,0001719096322802916
служба 0,001 0,00024267631585975146
смерть 0,001 0,0003161134403290023
смотреть 0,001 0,0007423825673618808
смутно 0,001 1,3240936078546733E-05
смысл 0,001 0,00032779661922183764
снег 0,001 0,00013930799975076058
снижение 0,001 7,321458772843487E-05
совершенно 0,001 0,00031188524225349995
совсем 0,002 0,0005123908457286361
соединить 0,001 5,0293303424395995E-05
солома 0,001 1,0904300299979662E-05
соответствие 0,001 0,00015688840227521758
соотносить 0,001 3,004246001014805E-06
социалистический 0,001 4,128056542135158E-05
сочетать 0,001 1,0793031929571707E-05
сочетаться 0,001 1,535503511629789E-05
спасибо 0,001 5,941730979784836E-05
спать 0,001 0,0002469045139352538
спина 0,001 0,00020373238621696694
сплюнуть 0,001 6,898638965293256E-06
сразу 0,001 0,0005407642801826648
среди 0,001 0,0003503840984146526
старый 0,001 0,0004100239449533169
стать 0,003 0,0018045504312762261
ствол 0,001 5,507784335193809E-05
стена 0,001 0,00029041044676476446
стихи 0,001 0,0001746913415404905
столица 0,001 0,00011149090714877165
столько 0,001 0,00011093456529673187
сторона 0,001 0,0008548748898443239
страховой 0,001 4,5063690015222076E-05
стучать 0,001 3,97228082356402E-05
судебный 0,002 0,00014030941508443219
судьба 0,001 0,00023800304430261732
существенно 0,001 4,673271557134141E-05
существовать 0,001 0,0002902991783943565
счет 0,002 0,00027305258098112337
сыр 0,001 2,1697332229551367E-05
сюжет 0,001 6,297789765090295E-05
таблетка 0,001 2,3588894526486614E-05
таинственный 0,001 3,5160805048914016E-05
так 0,005 0,003828077015515309
также 0,001 0,0006341184429549397
такой 0,007 0,0030006854131617504
там 0,001 0,0012552184865721485
творческий 0,001 9,457811484676238E-05
теленок 0,001 8,790201262228504E-06
темя 0,001 3,3380511122386723E-06
тепло 0,001 5,496657498153013E-05
тепловой 0,001 1,746913415404905E-05
территория 0,001 0,00020350984947615106
то 0,007 0,004411123276452997
товарищ 0,001 0,0002565848621607459
тогда 0,002 0,0009297585031288781
только 0,001 0,0026612056150470773
тонкий 0,001 0,00012506564833854225
торговец 0,001 1,4019814671402423E-05
торжествовать 0,001 1,0347958447939884E-05
тормозить 0,001 1,2462057485691041E-05
тот 0,005 0,0033014438183744544
точечный 0,001 4,673271557134141E-06
точно 0,001 0,0001799209549496644
трагедия 0,001 5,0849645276435774E-05
трест 0,001 8,456396151004636E-06
труд 0,001 0,00031811627099634544
трудный 0,001 9,046118514166801E-05
тут 0,001 0,0009782715126267468
ты 0,002 0,0035285425623770923
у 0,007 0,004791327298136983
увечье 0,001 3,3380511122386723E-06
увидеть 0,001 0,0005033781077255918
увидеться 0,001 1,2128252374467175E-05
угодно 0,001 3,5717146900953794E-05
удаваться 0,001 6,0418725131519964E-05
уже 0,001 0,002424760327930171
узнавать 0,001 9,813870269981697E-05
укрытие 0,001 9,235274743860326E-06
улица 0,001 0,0003758645552380745
уменьшиться 0,001 1,3686009560178557E-05
уместиться 0,001 4,005661334686407E-06
унификация 0,001 3,671856223462539E-06
усилие 0,001 0,00010670636722122956
утро 0,001 0,00033525160003917065
ухо 0,001 0,00015499683997828234
уцелеть 0,001 2,102972200710363E-05
учение 0,001 5,196232898051533E-05
ученый 0,001 0,00013062906685894004
учиться 0,002 0,00014119956204769585
факт 0,001 0,0001906027185088282
фарисей 0,001 4,005661334686407E-06
фигурка 0,001 1,5800108597929716E-05
филиал 0,001 2,8373434454028713E-05
ход 0,001 0,00025202285897401975
ходить 0,001 0,0003300219866299967
холодно 0,001 3,794251430911291E-05
хотеть 0,003 0,0011030033558540652
хотеться 0,001 0,00031744866077389774
царствие 0,001 4,450734816318229E-06
царь 0,001 8,311747269474294E-05
цвет 0,001 0,00018203505398741557
цветочек 0,001 1,0125421707123972E-05
целый 0,002 0,00024757212415770153
ценить 0,001 3,5383341789729924E-05
частность 0,001 0,00012462057485691043
часть 0,001 0,0006513650403681729
человек 0,002 0,0030298377262086345
чем 0,003 0,0008023562190117688
черно-белый 0,001 9,012738003044414E-06
черный 0,001 0,0003755307501268506
черта 0,001 8,90146963263646E-05
читатель 0,001 0,00012762482085792523
чихать 0,001 4,228198075502318E-06
что 0,009 0,009295359663880622
чтобы 0,001 0,001646438076926521
чуть 0,002 0,0002762793637229541
школа 0,002 0,0003516080504891401
штат 0,001 6,820751106007686E-05
штатный 0,001 1,1571910522427397E-05
эра 0,001 3,1377680455043516E-05
эстрада 0,001 1,7135329042825184E-05
этаж 0,001 0,00011427261640897054
это 0,007 0,006350976046145298
этот 0,007 0,006024069573886724
эффективный 0,001 7,666390721108151E-05
юридический 0,001 9,969645988552833E-05
я 0,011 0,014113725176026737
ясный 0,001 0,00010103168033042381
а 0,011 0,009121781006044211
аборт 0,001 9,235274743860326E-06
автор 0,002 0,000291634398839252
адекватный 0,001 1,980576993261612E-05
американец 0,001 8,767947588146912E-05
аналогичный 0,001 5,196232898051533E-05
артиллерия 0,001 1,5243766745889936E-05
артист 0,001 0,00010904300299979662
ассортимент 0,001 1,6133913709153582E-05
банк 0,002 0,00019816896769656915
банковский 0,001 4,228198075502318E-05
беда 0,001 8,278366758351907E-05
бедность 0,001 2,058464852547181E-05
бездна 0,001 1,7802939265272916E-05
белок 0,001 4,484115327440616E-05
бессильный 0,001 1,3908546300994467E-05
бить 0,001 0,00011961349818855242
близнец 0,001 1,1794447263243307E-05
божий 0,001 0,00011115710203754778
бойкий 0,001 7,121175706109168E-06
боль 0,001 0,00012606706367221385
больший 0,001 0,00014342492945585496
большинство 0,001 0,00019594360028841003
большой 0,002 0,001050818490132734
ботинок 0,001 4,3505932829510696E-05
бочка 0,001 2,9597386528516227E-05
бы 0,003 0,0025840966343543643
быть 0,018 0,013531012720200275
бюджет 0,001 0,00014019814671402422
в 0,032 0,03490956106853285
ватный 0,001 8,34512778059668E-06
ваш 0,002 0,0006091943279835577
вдоль 0,001 7,421600306210649E-05
вдруг 0,002 0,0005599024398928332
ведь 0,001 0,0005473291140367342
век 0,001 0,0003531658076748515
великий 0,001 0,0003074345074371817
велосипед 0,001 2,5702993564237776E-05
верить 0,001 0,00021930995807408076
вериться 0,001 1,068176355916375E-05
верх 0,001 3,271290089993899E-05
весь 0,002 0,004212954308756428
вещь 0,001 0,00026982579823929266
взаимовыгодный 0,001 4,228198075502318E-06
взгляд 0,001 0,00036028698338096067
вид 0,001 0,0006899751648997335
видеть 0,001 0,0009103978066778939
видимо 0,001 0,00015177005723645163
видно 0,001 0,0001726885108731473
виновный 0,001 1,1460642152019442E-05
властный 0,001 2,0362111784655902E-05
власть 0,001 0,0004846850214970552
влепить 0,001 2,892977630606849E-06
вновь 0,001 0,00014498268664156635
во 0,003 0,0012993920296241071
во-вторых 0,001 8,0447031804952E-05
вовремя 0,001 4,2727054236655E-05
водка 0,001 0,00010448099981307044
воздух 0,001 0,0002138578079240909
возлагать 0,001 6,5648338540693885E-06
возможно 0,001 0,0001800322233200724
возможный 0,001 0,00019928165140064872
воин 0,001 3,39368529744265E-05
вокруг 0,001 0,00017179836390988367
вообще 0,001 0,0004646567148236232
воробей 0,001 1,6133913709153582E-05
воровать 0,001 1,8581817858128607E-05
ворчать 0,001 1,1794447263243307E-05
воспользоваться 0,001 4,484115327440616E-05
вот 0,002 0,001986251680152418
вплотную 0,001 1,7246597413233138E-05
впрочем 0,001 0,0002455692934903583
временно 0,001 1,8136744376496786E-05
временной 0,001 5,7303210760097204E-05
время 0,001 0,0022428365423131638
все 0,003 0,003456885731834369
вскоре 0,001 0,0001229515493007911
вы 0,001 0,003233903917536826
выбирать 0,001 7,254697750598714E-05
выделять 0,001 3,249036415912307E-05
вызов 0,001 4,673271557134141E-05
выйти 0,001 0,0005350895932918591
выкладывать 0,001 9,012738003044414E-06
выражение 0,001 0,00011838954611406491
высказывать 0,001 1,6133913709153582E-05
выступление 0,001 8,845835447432481E-05
гадкий 0,001 7,009907335701212E-06
гвоздика 0,001 5,340881779581875E-06
гвоздь 0,001 2,6926945638725287E-05
главное 0,001 0,00011204724900081143
говорить 0,002 0,0019527599006596231
год 0,002 0,00414752850695655
голова 0,001 0,0007893378196740379
голодный 0,001 3,7274904086665174E-05
голубой 0,001 7,955688484168835E-05
госслужба 0,001 4,562003186726185E-06
государство 0,001 0,0003631799610115675
готовый 0,001 0,00027650190046377
гражданство 0,001 1,8915622969352476E-05
громкий 0,001 5,107218201725168E-05
группа 0,001 0,000414808484880859
да 0,002 0,0008912596469677254
давай 0,001 0,0001116021755191796
даже 0,001 0,0013127442340730617
два 0,002 0,001429909828112639
двадцать 0,001 0,00019560979517718619
движение 0,001 0,0002722737023882677
двойственность 0,001 3,004246001014805E-06
девочка 0,001 0,00020595775362512606
действительно 0,001 0,00029886684291576915
дело 0,002 0,0015712206585307429
деньги 0,001 0,0005701391299703652
десять 0,001 0,00021964376318530464
детство 0,001 0,0001245093064865025
директор 0,001 0,00024723831904647765
для 0,001 0,0035931894855841147
до 0,004 0,0022933523824783756
добираться 0,001 1,3352204448954689E-05
добрый 0,001 0,00019038018176801227
добыча 0,001 5,040457179480394E-05
довольно 0,001 0,00020050560347513623
должен 0,001 0,001050595953391918
доллар 0,001 0,00020373238621696694
доля 0,001 0,0001239529646344627
домашний 0,001 8,278366758351907E-05
дорога 0,002 0,0003672968907166619
дохлый 0,001 5,007076668358008E-06
драгоценность 0,001 9,791616595900106E-06
дрожь 0,001 1,3908546300994467E-05
друг 0,002 0,0009727080941063491
другой 0,002 0,0020443337695053706
думать 0,001 0,0008406325384321056
дыра 0,001 3,5160805048914016E-05
еврейский 0,001 5,696940564887334E-05
европейский 0,001 0,00011672052055794558
его 0,004 0,002868387320746691
ее 0,001 0,0013565839720137965
если 0,004 0,0022232533091213636
еще 0,004 0,0025857656599104833
же 0,002 0,0034986113707373523
желание 0,001 0,00015978137990582444
железа 0,001 1,6356450449969494E-05
женский 0,002 0,00011282612759366712
женщина 0,001 0,0005933942193856278
жертва 0,001 8,82358177335089E-05
животное 0,001 0,00010670636722122956
жизнь 0,001 0,0015464078119297687
житель 0,001 0,00010559368351715
жить 0,001 0,0008072520273097189
журнал 0,001 0,0001802547600608883
журналист 0,001 0,00010793031929571707
за 0,003 0,004344028449097
зависнуть 0,001 5,8972236316216535E-06
зависть 0,001 2,581426193464573E-05
заказ 0,001 6,231028742845521E-05
закон 0,001 0,00048223711734808014
законопроект 0,001 3,7274904086665174E-05
закончить 0,001 9,925138640389653E-05
заменять 0,001 1,802547600608883E-05
заместитель 0,001 0,00011048949181510004
заметить 0,001 0,00028251039246579964
замкнутый 0,001 1,5800108597929716E-05
заочный 0,001 7,009907335701212E-06
затем 0,001 0,0002684905777943972
звезда 0,001 0,00013652629049056169
звериный 0,001 8,567664521412592E-06
здесь 0,001 0,0008865863754105913
злодей 0,001 1,1238105411203529E-05
знать 0,003 0,0019069173320515453
значит 0,002 0,0003058767502514703
золотой 0,001 0,00013741643745382535
зритель 0,001 0,00010203309566409541
и 0,036 0,0398360794367155
ибо 0,001 0,00014464888153034247
идея 0,001 0,000279061072983153
идти 0,002 0,0010649495731745444
из 0,004 0,004800228767769619
избавиться 0,001 3,0042460010148047E-05
избрать 0,001 4,628764208970959E-05
известно 0,001 0,0001591137696833767
издать 0,001 3,5383341789729924E-05
излучать 0,001 7,788785928556902E-06
изучение 0,001 8,34512778059668E-05
изучить 0,001 3,927773475400837E-05
или 0,004 0,002609243286066562
именно 0,001 0,0006135337944294679
иметь 0,001 0,0010088703144889347
иметься 0,001 0,00014286858760381518
импортный 0,001 1,9360696450984297E-05
имущественный 0,001 1,4464888153034245E-05
иногда 0,001 0,00027794838927907347
инструментальный 0,001 6,5648338540693885E-06
интересный 0,001 0,00019127032873127593
информация 0,001 0,00029953445313821685
история 0,001 0,0004939202962409155
исчезать 0,001 4,606510534889367E-05
их 0,001 0,0011972476655896036
к 0,006 0,005996252481284735
кабинет 0,001 0,00016523353005581427
как 0,006 0,004899925227655147
как-то 0,001 0,0002817315138729439
какой 0,001 0,0012147167997436528
какой-то 0,001 0,0008485325927310704
каникулы 0,001 1,6912792302009272E-05
карантин 0,001 3,004246001014805E-06
качество 0,001 0,0003690771846431892
квадратный 0,001 5,3075012684594886E-05
квартира 0,001 0,00032367968951674324
кислота 0,001 2,6036798675461642E-05
классический 0,001 6,475819157743024E-05
клубок 0,001 7,56624918774099E-06
когда 0,003 0,002109314497823617
количество 0,001 0,0002299917216332445
командир 0,001 0,00012339662278242292
комната 0,001 0,0003457108268575185
комплекс 0,001 0,00015165878886604369
конец 0,001 0,0007062203469792951
конечный 0,001 6,253282416927112E-05
конкурс 0,001 8,378508291719066E-05
конь 0,001 5,663560053764947E-05
короткий 0,002 0,00019538725843637028
косвенный 0,001 1,2462057485691041E-05
косточка 0,001 1,3352204448954689E-05
костюм 0,001 9,046118514166801E-05
который 0,005 0,004683285710470857
красивый 0,001 0,00019716755236289755
кратчайший 0,001 6,1197603724375654E-06
крестик 0,001 6,5648338540693885E-06
кроме 0,001 0,0003823181207217359
крупный 0,001 0,00024178616889648782
крыша 0,002 9,457811484676238E-05
кстати 0,001 0,0002117437088863398
кто 0,001 0,0015297175563685754
кто-нибудь 0,002 8,990484328962823E-05
купе 0,001 1,8581817858128607E-05
лавка 0,001 2,9152313046884403E-05
ладонь 0,001 0,00010314577936817497
ландшафт 0,001 1,35747411897706E-05
левый 0,001 0,00013040653011812413
легкий 0,001 0,00022487337659447853
легко 0,001 0,0001756927568741621
ли 0,003 0,0010923215922949015
литовский 0,001 6,4535654836614325E-06
лицензирование 0,001 7,454980817333035E-06
личный 0,001 0,00016601240864866994
лишать 0,001 1,646771882037745E-05
лишение 0,001 3,048753349177987E-05
лишь 0,001 0,0006147577465039554
лодка 0,001 6,998780498660415E-05
локальный 0,001 2,0807185266287723E-05
лошадиный 0,001 2,1808600599959325E-05
лукавый 0,001 8,456396151004636E-06
любить 0,001 0,0005597911715224253
лягушка 0,001 1,1683178892835353E-05
малина 0,001 8,011322669372814E-06
мало 0,001 0,00016734762909356544
малый 0,001 0,0001671250923527495
мама 0,001 0,0003589517629360652
менее 0,001 0,00021463668651694663
менять 0,001 8,334000943555886E-05
место 0,001 0,0010310127202001178
мечта 0,001 6,342297113253477E-05
много 0,002 0,0005340881779581875
могильный 0,001 5,563418520397787E-06
может 0,001 0,0002459030986015822
можно 0,001 0,0012527705824231738
мокрый 0,001 6,820751106007686E-05
молодой 0,001 0,00044507348163182295
мониторинг 0,001 1,6801523931601314E-05
мочь 0,004 0,003240468751390895
музыка 0,001 0,00019549852680677822
мучить 0,001 2,9152313046884403E-05
мушка 0,001 5,452150149989831E-06
мы 0,005 0,005234954290953502
мысль 0,003 0,00036896591627278124
на 0,017 0,01765528613774156
наверно 0,001 6,898638965293255E-05
наверняка 0,001 6,086379861315179E-05
наверху 0,001 2,3588894526486614E-05
надежда 0,001 0,0001719096322802916
надо 0,002 0,0011051174548918164
назад 0,001 0,0003234571527759273
название 0,001 0,00016890538627927683
называть 0,001 0,0003264613987769421
наименее 0,001 4,784539927542096E-06
найти 0,001 0,0004718891589001403
наказание 0,001 5,218486572133124E-05
нарушение 0,002 0,00010770778255490115
нарушить 0,001 3,994534497645611E-05
наследник 0,001 2,5146651712197998E-05
находиться 0,002 0,0003813167053880643
начало 0,001 0,000402123890654352
наш 0,002 0,0019269456387249774
не 0,02 0,02005946181714626
невозможно 0,001 0,00012072618189263197
независимо 0,001 3,961153986523224E-05
независимый 0,001 5,418769638867445E-05
незаметно 0,001 3,805378267952087E-05
неимоверный 0,001 5,340881779581875E-06
некоторый 0,002 0,0004572017340062901
нельзя 0,001 0,00035349961278607537
необходимо 0,002 0,00016578987190785406
непредсказуемый 0,001 1,2350789115283087E-05
несколько 0,003 0,0006939808262344199
нет 0,001 0,0009724855573655331
ни 0,002 0,0009549051548410762
никак 0,001 0,00015633206042317782
никогда 0,001 0,00044707631229916616
но 0,003 0,00598779608513373
нога 0,002 0,0005109443569133327
номер 0,001 0,00022387196126080693
нравиться 0,001 0,00017869700287517692
ну 0,001 0,0012401972565670746
ну-ка 0,001 1,980576993261612E-05
нужно 0,001 0,00039355622613293945
о 0,004 0,00379102464816946
об 0,001 0,0007950125065648438
обеспечить 0,001 9,613587203247376E-05
облик 0,001 3,760870919788904E-05
обнаруживаться 0,001 1,1571910522427397E-05
обнять 0,001 3,471573156728219E-05
оборона 0,001 8,856962284473276E-05
образ 0,001 0,0004961456636490746
образование 0,001 0,0002101859517006284
обратить 0,001 9,824997107022491E-05
объяснить 0,001 0,00017958714983844058
огромный 0,001 0,00030276123588004756
один 0,003 0,0024987537942514617
одновременно 0,001 0,00015065737353237208
оказаться 0,001 0,0005918364621999166
окончить 0,001 4,050168682849589E-05
окружающий 0,001 5,6858137278465386E-05
октябрьский 0,001 2,1586063859143413E-05
он 0,009 0,013119764823172468
она 0,006 0,006222572346694516
они 0,011 0,005396515964785853
описать 0,001 7,16568305427235E-05
основание 0,001 0,0001766941722078337
основать 0,001 5,6746868908057425E-05
остаться 0,001 0,0005370924239592024
от 0,002 0,004086330903232175
отвести 0,001 4,517495838563003E-05
откровение 0,001 1,6801523931601314E-05
отличник 0,001 5,8972236316216535E-06
отличный 0,001 5,641306379683356E-05
отменить 0,001 3,627348875299357E-05
отпраздновать 0,001 4,562003186726185E-06
оформление 0,001 3,438192645605832E-05
охват 0,001 5,563418520397787E-06
очень 0,002 0,0014318013904095744
очередь 0,001 0,00023644528711690594
ошибаться 0,001 2,8707239565252582E-05
пальчик 0,001 1,1571910522427397E-05
память 0,001 0,00019416330636188277
партнерство 0,001 1,35747411897706E-05
пациент 0,001 3,983407660604815E-05
первый 0,001 0,0014972271922094522
передача 0,001 0,00011137963877836369
переступить 0,001 1,1349373781611485E-05
период 0,001 0,0002272100123730456
песня 0,001 0,00017814066102313713
печально 0,001 2,0807185266287723E-05
пиво 0,001 6,70948273559973E-05
пирог 0,001 1,8136744376496786E-05
письмо 0,001 0,0003385896511514093
план 0,001 0,00026181447556991984
плата 0,001 5,897223631621654E-05
плоскость 0,001 2,225367408159115E-05
площадка 0,001 7,855546950801674E-05
по 0,004 0,006438766790397174
побратим 0,001 3,1155143714227603E-06
повод 0,001 0,00016823777605682905
под 0,002 0,0012528818507935816
подарок 0,001 8,389635128759863E-05
подданный 0,001 8,34512778059668E-06
подключение 0,001 7,121175706109168E-06
подстерегать 0,001 4,562003186726185E-06
подумать 0,001 0,00035116297700750834
подъем 0,001 4,205944401420726E-05
поезд 0,001 0,0001038133895906227
поездка 0,001 7,76653225447531E-05
поехать 0,002 0,0001762490987262019
позабыть 0,001 1,591137696833767E-05
позволять 0,001 0,000216194443702658
позиция 0,001 0,0001864857888037338
покататься 0,001 4,895808297950053E-06
полезть 0,001 3,560587853054583E-05
полномочие 0,001 5,1517255498883506E-05
полностью 0,001 0,0001413108304181038
полосатый 0,001 1,0793031929571707E-05
получать 0,001 0,00020940707310777268
получение 0,001 9,157386884574757E-05
получить 0,001 0,0006205437017651692
помещать 0,001 7,454980817333035E-06
помогать 0,001 0,00014965595819870045
помощь 0,001 0,0003339163795942752
понравиться 0,001 0,00010359085284980678
понятно 0,002 9,836123944063288E-05
понятный 0,001 7,96681532120963E-05
попасть 0,001 0,00021997756829652849
пора 0,001 0,00039856330280129744
поразительный 0,001 2,13635271183275E-05
порядок 0,002 0,0003422615073748719
поскольку 0,001 0,00023677909222812981
после 0,004 0,0012018096687763298
последователь 0,001 1,0904300299979662E-05
посмотреть 0,002 0,0003496052198217969
посреди 0,001 3,6384757123401526E-05
постоянный 0,001 0,00012061491352222402
потом 0,004 0,0011194710746744428
потому 0,001 0,0008559875735484034
потребоваться 0,001 3,09326069734117E-05
почему 0,001 0,0005643531747091515
появиться 0,001 0,00032779661922183764
правда 0,002 0,0002808413669096803
правило 0,002 0,00028796254261578944
правительство 0,001 0,00030899226462289305
правопорядок 0,001 6,7873705948853E-06
превратить 0,001 3,760870919788904E-05
предварительный 0,001 4,528622675603799E-05
предикат 0,001 4,005661334686407E-06
предложить 0,001 0,00022387196126080693
предмет 0,001 0,00017179836390988367
предприятие 0,001 0,0003133317310688034
представитель 0,001 0,00020662536384757378
представить 0,001 0,0002750554116484666
предтеча 0,001 4,228198075502318E-06
предупредить 0,001 4,873554623868461E-05
преодоление 0,001 1,9138159710168385E-05
пресечь 0,001 5,674686890805742E-06
преуспевающий 0,001 4,005661334686407E-06
при 0,001 0,0017255498882865776
прибывать 0,001 1,1571910522427397E-05
приватизация 0,001 2,8595971194844625E-05
приглашать 0,001 5,285247594377898E-05
пригородный 0,001 6,00849200202961E-06
прийти 0,001 0,0005822673823448324
пример 0,001 0,00022387196126080693
приход 0,001 4,539749512644594E-05
приходиться 0,001 0,00019416330636188277
причина 0,001 0,000263928574607671
про 0,001 0,0004362832803695945
провести 0,001 0,0002470157823056617
провозгласить 0,001 1,546630348670585E-05
проект 0,001 0,000251355248751572
прожить 0,001 7,143429380190759E-05
производиться 0,001 3,927773475400837E-05
производство 0,001 0,00030665562884432603
произнести 0,001 0,00012628960041302976
пройти 0,002 0,00044329318770529563
пронизывать 0,001 7,900054298964858E-06
просить 0,001 0,00024022841171077644
проскользнуть 0,001 3,783124593870495E-06
просто 0,001 0,0007304768517282294
проступок 0,001 4,116929705094363E-06
против 0,001 0,0002631496960148153
прошлое 0,001 0,0001237304278936468
путь 0,001 0,00039756188746762586
работа 0,001 0,0011775531640273954
рабочий 0,001 0,00015355035116297892
равноправие 0,001 4,895808297950053E-06
равный 0,002 0,00032234446907184773
радиолокационный 0,001 1,068176355916375E-05
разговаривать 0,001 0,00010615002536918977
разговор 0,002 0,0003096598748453408
различный 0,001 0,00022865650118834903
разоблачить 0,001 6,6761022244773445E-06
разработка 0,001 0,0001289600413028207
разрешение 0,001 7,599629698863377E-05
распространять 0,001 1,0793031929571707E-05
расстрелять 0,001 3,249036415912307E-05
режиссура 0,001 9,235274743860326E-06
речь 0,001 0,00026059052349543233
решить 0,001 0,00045586651356139467
рожа 0,001 1,7802939265272916E-05
роман 0,001 0,00017547022013334617
российский 0,001 0,0007172359156496827
руль 0,001 4,817920438664483E-05
русло 0,001 1,746913415404905E-05
русский 0,001 0,0005902787050142052
с 0,011 0,012586566792177544
сам 0,002 0,0022101236414132247
сапожник 0,001 5,340881779581875E-06
сборник 0,001 3,3269242751978766E-05
свиданье 0,001 5,452150149989831E-06
свидетель 0,001 6,197648231723135E-05
свидетельствовать 0,002 7,655263884067354E-05
связующий 0,001 3,449319482646628E-06
священный 0,001 4,083549193971976E-05
себя 0,004 0,0025289075226320183
сей 0,002 0,0002209789836302001
сейчас 0,001 0,0009984110876705868
си 0,001 4,895808297950053E-06
сигнал 0,001 6,286662928049499E-05
сильный 0,001 0,0002453467567495424
система 0,001 0,0006874159923803505
ситуация 0,001 0,00033246989077897175
скажем 0,001 8,334000943555886E-05
сказать 0,003 0,002666657765197067
сколько 0,001 0,00030420772469535095
скрывать 0,001 5,4855306611122175E-05
слабый 0,001 0,00010470353655388634
слава 0,001 0,0001337445812303628
славный 0,001 3,29354376407549E-05
следить 0,001 8,434142476923045E-05
следовать 0,001 0,000339479798114673
словно 0,001 0,00023277343089344338
слово 0,002 0,0010769665571786036
сложиться 0,001 9,079499025289188E-05
слой 0,001 8,634425543657365E-05
слон 0,001 2,6481872157093466E-05
служить 0,001 0,0001561095236823619
случай 0,001 0,0007896716247852619
смежный 0,001 9,012738003044414E-06
смерть 0,001 0,0003161134403290023
снаружи 0,001 2,114099037751159E-05
снова 0,001 0,00037208143064420396
со 0,001 0,0012810327485067944
собственный 0,001 0,00037642089709011425
современность 0,001 1,4464888153034245E-05
совсем 0,001 0,0005123908457286361
соглашение 0,001 8,434142476923045E-05
содержание 0,001 0,00015277147257012323
создаваться 0,001 4,740032579378914E-05
сознание 0,001 0,0001615616738323517
сокращаться 0,001 1,0236690077531927E-05
соответственно 0,001 7,343712446925079E-05
сопровождать 0,001 3,983407660604815E-05
сосредоточенный 0,001 3,449319482646628E-06
состав 0,001 0,00023344104111589116
состояние 0,001 0,00032757408248102165
союз 0,001 0,00019349569613943504
специфический 0,001 3,059880186218783E-05
способствовать 0,001 6,954273150497234E-05
справа 0,001 3,827631942033677E-05
спросить 0,002 0,000638569177771258
среди 0,002 0,0003503840984146526
средство 0,001 0,0004049055999145509
стандарт 0,001 5,274120757337102E-05
старый 0,001 0,0004100239449533169
стать 0,001 0,0018045504312762261
стекло 0,001 0,0001143838847793785
стихия 0,001 2,102972200710363E-05
стол 0,001 0,00044785519089202185
столетие 0,001 4,239324912543114E-05
столь 0,001 0,00016011518501704832
сторона 0,002 0,0008548748898443239
страдание 0,001 4,428481142236638E-05
стремительно 0,001 3,148894882545148E-05
строительство 0,001 0,0001551081083486903
судьба 0,001 0,00023800304430261732
сумка 0,001 6,175394557641543E-05
считать 0,001 0,0005066048904674225
сыр 0,002 2,1697332229551367E-05
сюда 0,001 0,00016256308916602331
так 0,002 0,003828077015515309
такой 0,003 0,0030006854131617504
твой 0,001 0,00040790984591556576
творчество 0,001 8,0447031804952E-05
театральный 0,001 6,742863246722118E-05
телевизор 0,001 8,0447031804952E-05
теперь 0,001 0,0009700376532165581
тепловой 0,001 1,746913415404905E-05
теплый 0,001 0,00011571910522427396
терять 0,001 8,233859410188724E-05
тесно 0,001 2,8818507935660533E-05
тетя 0,001 7,176809891313145E-05
течение 0,001 0,00019939291977105666
то 0,007 0,004411123276452997
товар 0,001 0,00012851496782118887
тогда 0,001 0,0009297585031288781
толпа 0,001 0,0001075965141844932
только 0,002 0,0026612056150470773
тормозить 0,001 1,2462057485691041E-05
торопиться 0,001 5,852716283458472E-05
торчать 0,001 5,062710853561986E-05
тот 0,002 0,0033014438183744544
трава 0,001 9,869504455185674E-05
требовательно 0,001 3,3380511122386723E-06
три 0,004 0,0006639383662242719
труд 0,001 0,00031811627099634544
ты 0,004 0,0035285425623770923
тыква 0,001 5,563418520397787E-06
тяжелый 0,001 0,0002006168718455442
у 0,003 0,004791327298136983
уверенный 0,001 0,0001251769167089502
угнать 0,001 7,232444076517123E-06
угроза 0,001 8,289493595392703E-05
угрызение 0,001 3,783124593870495E-06
удивление 0,001 6,175394557641543E-05
удовольствие 0,001 0,00012740228411710933
уж 0,002 0,00038320826768499955
укладываться 0,001 1,535503511629789E-05
укорениться 0,001 3,894392964278451E-06
упасть 0,001 0,00011794447263243308
управление 0,001 0,0002854033700964065
уровень 0,001 0,0003877702708717257
успех 0,001 0,00016634621375989381
устремление 0,001 6,898638965293256E-06
учреждение 0,001 8,945976980799641E-05
файл 0,001 7,343712446925078E-06
фактор 0,001 0,00010147675381205564
фантастический 0,001 2,7372019120357114E-05
федеральный 0,001 0,00023243962578221953
фигня 0,001 4,895808297950053E-06
физика 0,001 4,550876349685389E-05
физический 0,001 0,0001221726707079354
финансировать 0,001 1,1571910522427397E-05
формула 0,001 7,310331935802692E-05
фронт 0,001 9,758236084777718E-05
хотеть 0,001 0,0011030033558540652
хоть 0,001 0,00022687620726182176
хохотать 0,001 3,2045290677491255E-05
храм 0,001 0,00010481480492429431
художественный 0,001 9,8027434329409E-05
худший 0,001 2,1808600599959325E-05
цель 0,001 0,00035105170863710034
церковь 0,001 0,00019872530954860893
цикл 0,001 4,85130094978687E-05
цыпленок 0,001 7,56624918774099E-06
час 0,002 0,0005208472418796408
частый 0,001 0,00012751355248751727
человек 0,003 0,0030298377262086345
через 0,001 0,0008961554552656755
черный 0,002 0,0003755307501268506
число 0,001 0,00043784103755530583
чистый 0,001 0,00017691670894864962
член 0,001 0,0002307706002261002
что 0,016 0,009295359663880622
что-то 0,001 0,0007428276408435125
чувство 0,001 0,0002694919931280688
шарф 0,001 1,068176355916375E-05
шестьдесят 0,001 3,1711485566267385E-05
широко 0,001 7,121175706109167E-05
школа 0,002 0,0003516080504891401
шляпка 0,001 9,12400637345237E-06
шпион 0,001 2,2810015933630927E-05
шуточный 0,001 3,3380511122386723E-06
экономика 0,002 0,00017391246294763484
эпидемический 0,001 8,233859410188726E-06
этап 0,001 0,00012272901255997516
это 0,007 0,006350976046145298
этот 0,004 0,006024069573886724
юный 0,001 5,9862383279480186E-05
я 0,015 0,014113725176026737
явиться 0,001 8,879215958554867E-05
а 0,011 0,009121781006044211
абсолютный 0,001 4,7066520682565274E-05
актер 0,001 0,00012729101574670136
американский 0,002 0,00020751551081083744
без 0,001 0,001133602157716253
безмятежный 0,001 4,784539927542096E-06
беспокойство 0,001 2,058464852547181E-05
библейский 0,001 1,2128252374467175E-05
больше 0,001 0,0004620975423042402
большой 0,001 0,001050818490132734
бояться 0,001 0,000296530207137202
брат 0,003 0,00022587479192815016
будто 0,001 0,00019338442776902707
бухгалтерия 0,001 8,011322669372814E-06
бы 0,001 0,0025840966343543643
бывать 0,001 0,0003308008652228524
быстро 0,001 0,0002845132231331428
быстрота 0,001 9,680348225492148E-06
быть 0,009 0,013531012720200275
в 0,032 0,03490956106853285
ваза 0,001 1,591137696833767E-05
вата 0,001 9,12400637345237E-06
вахта 0,001 1,2239520744875131E-05
вверх 0,001 8,82358177335089E-05
вдруг 0,001 0,0005599024398928332
ведущий 0,001 5,607925868560969E-05
век 0,001 0,0003531658076748515
величие 0,001 1,9138159710168385E-05
вероятность 0,001 3,5049536678506055E-05
веселье 0,001 1,5800108597929716E-05
весь 0,004 0,004212954308756428
вечный 0,001 9,32428944018669E-05
вещь 0,002 0,00026982579823929266
взаймы 0,001 3,2267827418307163E-06
взволновать 0,001 1,4464888153034245E-05
вздыхать 0,001 2,3588894526486614E-05
включить 0,001 7,799912765597696E-05
вложить 0,001 3,082133860300374E-05
вне 0,001 6,60934120223257E-05
внешний 0,001 0,0001561095236823619
вниз 0,001 0,00011204724900081143
внутренний 0,003 0,00024045094845159235
внутри 0,001 7,054414683864394E-05
вода 0,001 0,0005394290597377694
вокруг 0,001 0,00017179836390988367
вонючий 0,001 1,0570495188755795E-05
вообще 0,002 0,0004646567148236232
вопреки 0,001 2,892977630606849E-05
вопрос 0,001 0,0008966005287473072
вот 0,001 0,001986251680152418
впервые 0,001 0,00017302231598437118
вперед 0,001 0,0001425347824925913
вполголоса 0,001 8,901469632636458E-06
время 0,002 0,0022428365423131638
все 0,005 0,003456885731834369
всегда 0,003 0,0006808511585262811
вспомнить 0,001 0,00023978333822914462
вставать 0,001 7,68864439518974E-05
встречать 0,001 8,612171869575774E-05
второй 0,001 0,0006146464781335475
вы 0,001 0,003233903917536826
выбирать 0,001 7,254697750598714E-05
вывеска 0,001 1,2684594226506955E-05
выпустить 0,002 7,054414683864394E-05
выступать 0,001 0,00015444049812624258
выходной 0,001 2,3143821044854793E-05
газета 0,002 0,00026426237971889486
галочка 0,001 6,1197603724375654E-06
где 0,003 0,0012564424386466361
ген 0,001 3,160021719585943E-05
гибель 0,001 5,6746868908057425E-05
главный 0,001 0,0005058260118745668
глаз 0,003 0,0009542375446186284
глина 0,001 2,0473380155063853E-05
год 0,002 0,00414752850695655
голова 0,001 0,0007893378196740379
горка 0,001 1,8136744376496786E-05
господи 0,001 7,410473469169852E-05
господин 0,001 0,00017202090065069955
готовность 0,001 5,496657498153013E-05
готовый 0,001 0,00027650190046377
гражданин 0,001 0,00022186913059346375
гражданский 0,001 0,00016100533198031193
грубый 0,001 4,740032579378914E-05
давайте 0,001 6,820751106007686E-05
давать 0,001 0,0004124718491022919
давно 0,001 0,0003026499675096396
дальний 0,001 8,334000943555886E-05
дама 0,002 9,758236084777718E-05
движение 0,002 0,0002722737023882677
двое 0,001 0,00011327120107529894
действительность 0,001 5,874969957540062E-05
декабрьский 0,001 5,8972236316216535E-06
делать 0,002 0,0007801025449301777
дело 0,002 0,0015712206585307429
демократический 0,001 4,4952421644814115E-05
детский 0,001 0,0001800322233200724
дико 0,001 9,791616595900106E-06
дипломат 0,001 2,1252258747919547E-05
длина 0,001 7,532868676618604E-05
для 0,01 0,0035931894855841147
до 0,003 0,0022933523824783756
догадка 0,001 1,7246597413233138E-05
доказать 0,001 7,232444076517124E-05
должен 0,002 0,001050595953391918
дополнительно 0,001 1,4019814671402423E-05
дорога 0,002 0,0003672968907166619
дорогой 0,002 0,00021997756829652849
дракон 0,001 1,8470549487720652E-05
друг 0,001 0,0009727080941063491
другое 0,001 5,5189111722346045E-05
другой 0,001 0,0020443337695053706
думать 0,001 0,0008406325384321056
душа 0,001 0,0003970055456155861
дым 0,001 6,542580179987797E-05
его 0,006 0,002868387320746691
единство 0,001 4,550876349685389E-05
ее 0,001 0,0013565839720137965
если 0,003 0,0022232533091213636
ехать 0,001 0,00022053391014856827
еще 0,001 0,0025857656599104833
ждать 0,001 0,0004007886702094566
железный 0,001 0,00010937680811102049
жид 0,001 9,90288496630806E-06
жить 0,001 0,0008072520273097189
за 0,005 0,004344028449097
забавлять 0,001 3,004246001014805E-06
забор 0,001 5,374262290704262E-05
зависть 0,001 2,581426193464573E-05
заглядывать 0,001 3,2045290677491255E-05
заглянуть 0,001 5,6746868908057425E-05
задать 0,001 4,9069351349908485E-05
задолженность 0,002 2,2587479192815015E-05
законодательный 0,001 4,306085934787887E-05
замечать 0,001 8,834708610391686E-05
замирать 0,001 1,535503511629789E-05
заниматься 0,003 0,00026793423594235745
занятие 0,001 0,00010247816914572723
запад 0,001 9,891758129267266E-05
зарплата 0,001 8,400761965800658E-05
застонать 0,001 8,233859410188726E-06
затем 0,001 0,0002684905777943972
захлебываться 0,001 7,788785928556902E-06
захоронение 0,001 8,34512778059668E-06
земля 0,001 0,0005501108232969332
злодей 0,001 1,1238105411203529E-05
знак 0,001 0,00012016984004059219
знакомый 0,001 0,00014843200612421297
зов 0,001 8,567664521412592E-06
зона 0,001 0,00012951638315486047
и 0,041 0,0398360794367155
игра 0,001 0,0002214240571118319
идол 0,001 8,901469632636458E-06
идти 0,003 0,0010649495731745444
из 0,004 0,004800228767769619
известие 0,001 0,00010125421707123972
измениться 0,001 9,402177299472259E-05
или 0,002 0,002609243286066562
именно 0,001 0,0006135337944294679
имя 0,001 0,00044696504392875816
инспекция 0,001 1,6356450449969494E-05
интеллектуальный 0,001 4,662144720093345E-05
интернет 0,001 4,606510534889367E-05
инфекционный 0,001 9,680348225492148E-06
итог 0,001 0,0001351910700456662
их 0,003 0,0011972476655896036
к 0,006 0,005996252481284735
кажется 0,001 0,0001593363064241926
как 0,011 0,004899925227655147
как-то 0,002 0,0002817315138729439
капитан 0,002 0,00013240936078546734
карман 0,002 0,00013407838634158666
карнавальный 0,001 3,2267827418307163E-06
качество 0,001 0,0003690771846431892
квартира 0,001 0,00032367968951674324
китайский 0,001 6,498072831824614E-05
классика 0,001 1,9694501562208163E-05
клетка 0,001 0,00012195013396711948
ключевой 0,001 4,0056613346864065E-05
книга 0,001 0,0004605397851185288
ко 0,001 0,0002667102838678699
когда 0,004 0,002109314497823617
количественный 0,001 1,6578987190785406E-05
коллектор 0,001 5,118345038765963E-06
колонна 0,001 4,628764208970959E-05
колхоз 0,001 4,4952421644814115E-05
компания 0,002 0,0004369508905920422
конечно 0,002 0,0007202401616506974
конструктивный 0,001 1,6578987190785406E-05
конференция 0,001 6,442438646620637E-05
концентрация 0,001 4,461861653359025E-05
корабль 0,001 0,0001251769167089502
корейский 0,001 1,068176355916375E-05
коридор 0,001 0,00012328535441201495
короткий 0,001 0,00019538725843637028
который 0,006 0,004683285710470857
криминальный 0,001 2,191986897036728E-05
крутой 0,001 4,829047275705279E-05
кстати 0,001 0,0002117437088863398
кто 0,002 0,0015297175563685754
легко 0,001 0,0001756927568741621
лежать 0,001 0,00035394468626770724
лететь 0,001 9,224147906819531E-05
лиса 0,001 9,680348225492148E-06
лицо 0,002 0,0009769362921818513
ложиться 0,001 4,395100631114251E-05
лошадка 0,001 8,901469632636458E-06
люсин 0,001 1,880435459894452E-05
майор 0,001 6,453565483661433E-05
мальчишка 0,001 6,231028742845521E-05
мама 0,001 0,0003589517629360652
мамин 0,001 2,403396800811844E-05
мать 0,001 0,0003672968907166619
машина 0,001 0,0005456600884806149
медиальный 0,001 1,3129667708138777E-05
между 0,001 0,0006759553502283311
мелочь 0,001 4,4062274681550474E-05
мера 0,003 0,0003163359770698182
место 0,003 0,0010310127202001178
месяц 0,001 0,00036496025493809483
мешать 0,001 0,00011171344388958757
миллион 0,001 0,00016734762909356544
мимо 0,001 8,445269313963842E-05
министр 0,001 0,0001714645587986598
минус 0,001 1,8581817858128607E-05
минута 0,002 0,0003829857309441836
мир 0,001 0,0007952350433056597
мнение 0,001 0,0002541369580117709
многий 0,001 0,0003793138747207211
многовековой 0,001 4,005661334686407E-06
можно 0,001 0,0012527705824231738
мой 0,002 0,0019141497761280624
мол 0,001 0,00011037822344469209
молоток 0,001 1,3797277930586511E-05
мочь 0,003 0,003240468751390895
музыкальный 0,001 7,332585609884284E-05
мутный 0,001 1,9249428080576342E-05
мы 0,002 0,005234954290953502
мысль 0,001 0,00036896591627278124
мясистый 0,001 4,562003186726185E-06
на 0,012 0,01765528613774156
наблюдать 0,001 0,00010626129373959773
надежда 0,001 0,0001719096322802916
надо 0,002 0,0011051174548918164
назад 0,001 0,0003234571527759273
название 0,001 0,00016890538627927683
называть 0,001 0,0003264613987769421
найти 0,001 0,0004718891589001403
накануне 0,001 3,271290089993899E-05
напиться 0,001 1,7802939265272916E-05
направлять 0,001 2,637060378668551E-05
народ 0,001 0,00042905083629307737
насморк 0,001 4,450734816318229E-06
насущный 0,001 9,346543114268282E-06
находить 0,001 9,958519151512039E-05
находиться 0,001 0,0003813167053880643
национально-культурный 0,001 3,560587853054584E-06
национальный 0,001 0,00018949003480474863
начало 0,002 0,000402123890654352
начать 0,001 0,0005266331971408545
наш 0,003 0,0019269456387249774
не 0,02 0,02005946181714626
недвижимость 0,001 2,5146651712197998E-05
недостаток 0,001 6,909765802334052E-05
независимость 0,001 3,115514371422761E-05
неизменный 0,001 2,1586063859143413E-05
неимоверный 0,001 5,340881779581875E-06
неинтересный 0,001 1,3018399337730821E-05
некоторый 0,002 0,0004572017340062901
ненавидеть 0,001 4,9069351349908485E-05
необходимый 0,001 0,00022665367052100582
необычно 0,001 4,339466445910274E-06
неприязненно 0,001 3,1155143714227603E-06
несколько 0,001 0,0006939808262344199
нет 0,002 0,0009724855573655331
нечестный 0,001 4,450734816318229E-06
ни 0,001 0,0009549051548410762
нижний 0,001 9,27978209202351E-05
никакой 0,001 0,00042693673725532617
никто 0,001 0,0006255507784335272
ничто 0,002 0,0010045308480430243
но 0,007 0,00598779608513373
новоиспеченный 0,001 3,2267827418307163E-06
новый 0,001 0,0013546924097168611
нога 0,001 0,0005109443569133327
носить 0,001 0,00012829243108037296
ночевать 0,001 2,6926945638725287E-05
ночь 0,002 0,0004481889960032457
ну 0,001 0,0012401972565670746
нужда 0,001 5,096091364684372E-05
нужный 0,001 0,0003915533954655962
нынешний 0,002 0,00014720805404972546
о 0,003 0,00379102464816946
об 0,001 0,0007950125065648438
обернуться 0,001 6,420184972539046E-05
обеспечивать 0,001 9,735982410696128E-05
обидеть 0,001 3,3825584604018544E-05
обладатель 0,001 1,6356450449969494E-05
обозначать 0,001 1,8581817858128607E-05
обрыв 0,001 1,702406067241723E-05
обслуживать 0,001 1,8581817858128607E-05
обусловить 0,001 3,738617245707313E-05
обучение 0,001 7,132302543149962E-05
общий 0,002 0,000547885455888774
ограничиваться 0,001 1,8136744376496786E-05
один 0,002 0,0024987537942514617
одиннадцатый 0,001 9,791616595900106E-06
одиночка 0,001 1,980576993261612E-05
однако 0,001 0,0005419882322571524
означать 0,001 0,00010793031929571707
оклад 0,001 1,2684594226506955E-05
окно 0,002 0,0003124415841055397
олимпийский 0,001 2,4145236378526396E-05
он 0,017 0,013119764823172468
она 0,006 0,006222572346694516
они 0,005 0,005396515964785853
описывать 0,001 4,617637371930163E-05
опять 0,001 0,00038076036353602453
организация 0,001 0,0003476023891544537
организм 0,001 8,968230654881232E-05
орудовать 0,001 5,340881779581875E-06
освятить 0,001 7,677517558148946E-06
осесть 0,001 1,1571910522427397E-05
осмотреть 0,001 2,4367773119342304E-05
остановиться 0,001 0,00016356450449969494
остаток 0,001 5,874969957540062E-05
от 0,003 0,004086330903232175
ответ 0,001 0,0002929696192841475
ответить 0,001 0,00041213804399106805
отдаваться 0,001 1,1683178892835353E-05
отдельный 0,001 0,00019750135747412142
отец 0,001 0,0005386501811449137
открываться 0,001 4,4952421644814115E-05
отметить 0,001 0,0001716870955394757
отметка 0,001 1,702406067241723E-05
отнести 0,001 4,795666764582892E-05
отношение 0,001 0,0006202098966539452
отодвинуться 0,001 6,7873705948853E-06
отсутствовать 0,001 5,107218201725168E-05
оттого 0,001 5,374262290704262E-05
очень 0,001 0,0014318013904095744
очередь 0,001 0,00023644528711690594
падение 0,001 4,628764208970959E-05
пакость 0,001 4,116929705094363E-06
параллельный 0,001 1,802547600608883E-05
паспорт 0,001 5,5189111722346045E-05
пауза 0,001 5,5189111722346045E-05
передохнуть 0,001 6,1197603724375654E-06
переход 0,001 9,936265477430447E-05
перрон 0,001 1,1794447263243307E-05
перспектива 0,001 8,834708610391686E-05
печать 0,002 6,631594876314162E-05
пиво 0,001 6,70948273559973E-05
писательница 0,001 6,4535654836614325E-06
платок 0,001 4,484115327440616E-05
платье 0,001 7,210190402435531E-05
плюс 0,001 3,5049536678506055E-05
по 0,008 0,006438766790397174
побывать 0,001 4,728905742338119E-05
повторяться 0,001 2,425650474893435E-05
под 0,001 0,0012528818507935816
подготовка 0,001 0,0001423122457517754
подобный 0,001 0,0003355854051503945
подумать 0,002 0,00035116297700750834
подходить 0,001 0,00013007272500690026
подчинять 0,001 3,560587853054584E-06
позволять 0,001 0,000216194443702658
пойти 0,003 0,0006533678710355161
пока 0,001 0,0004075760408043419
показать 0,001 0,00030899226462289305
пол 0,001 0,0002023971657720715
политический 0,001 0,0002999795266198487
половина 0,001 0,0001766941722078337
полосатый 0,001 1,0793031929571707E-05
получать 0,001 0,00020940707310777268
получиться 0,001 0,00016612367701907793
пользование 0,001 4,228198075502318E-05
помогать 0,001 0,00014965595819870045
помощь 0,001 0,0003339163795942752
поневоле 0,001 7,900054298964858E-06
после 0,005 0,0012018096687763298
последний 0,001 0,0007928984075270926
посредник 0,001 1,4576156523442201E-05
поставить 0,001 0,0002974203541004657
постелить 0,001 4,562003186726185E-06
постоянно 0,001 0,00013864038952831283
потомок 0,001 2,2921284304038885E-05
потому 0,002 0,0008559875735484034
почему-то 0,002 0,00014954468982829251
почти 0,001 0,0005582334143367139
почувствовать 0,001 0,00013819531604668104
правильный 0,001 0,0001028119742569511
правительство 0,001 0,00030899226462289305
праздник 0,001 0,00012795862596914908
превосходный 0,001 1,1905715633651263E-05
превышать 0,001 5,363135453663467E-05
предисловие 0,001 1,2462057485691041E-05
предложить 0,001 0,00022387196126080693
предпосылка 0,001 1,5800108597929716E-05
представление 0,001 0,00015822362272011306
президент 0,001 0,00034604463196874236
преимущество 0,001 5,418769638867445E-05
премьер 0,001 3,649602549380948E-05
прерываться 0,001 5,8972236316216535E-06
при 0,002 0,0017255498882865776
приговор 0,001 4,306085934787887E-05
признание 0,001 7,06554152090519E-05
признать 0,001 9,891758129267266E-05
прийти 0,001 0,0005822673823448324
прильнуть 0,001 4,116929705094363E-06
применить 0,001 2,7372019120357114E-05
принять 0,002 0,0004304973251083807
приобретение 0,001 3,59396836417697E-05
природный 0,001 7,755405417434515E-05
приходить 0,002 0,0002427875842301594
про 0,002 0,0004362832803695945
проведение 0,001 0,0001341896547119946
провозглашать 0,001 6,342297113253477E-06
прогон 0,001 3,1155143714227603E-06
программа 0,001 0,00031444441477288296
продать 0,001 7,599629698863377E-05
продолжать 0,001 0,0002677116992015415
производить 0,001 7,399346632129056E-05
произойти 0,001 0,00022609732866896604
пропасть 0,001 6,765116920803709E-05
простейший 0,001 1,045922681834784E-05
просьба 0,001 8,311747269474294E-05
протяжение 0,001 4,306085934787887E-05
профессия 0,001 6,598214365191775E-05
процедура 0,001 7,143429380190759E-05
процесс 0,001 0,00041358453280637144
прошлое 0,001 0,0001237304278936468
прутик 0,001 9,90288496630806E-06
прятаться 0,001 3,160021719585943E-05
пыль 0,002 5,9528578168256316E-05
работа 0,001 0,0011775531640273954
равный 0,001 0,00032234446907184773
радиоэлектронный 0,001 4,116929705094363E-06
радость 0,001 0,00015266020419971526
раз 0,002 0,001259335416277243
развитие 0,001 0,0004145859481400431
разводить 0,001 1,9249428080576342E-05
разговор 0,002 0,0003096598748453408
район 0,001 0,0002089619996261409
рак 0,001 2,4701578230566174E-05
рама 0,001 2,3588894526486614E-05
ранний 0,001 0,00025113271201075607
расползаться 0,001 4,895808297950053E-06
распоряжение 0,001 5,63017954264256E-05
раствор 0,001 3,905519801319246E-05
реализация 0,001 0,0001058162202579659
реальный 0,001 0,00017113075368743594
ребенок 0,001 0,0007324796823955725
режим 0,001 0,00011872335122528877
ресница 0,001 1,824801274690474E-05
респондент 0,001 1,3797277930586511E-05
ресурс 0,001 0,00010982188159265232
решение 0,001 0,0005044907914296713
ровно 0,001 4,639891046011755E-05
род 0,001 0,00018414915302516674
рука 0,002 0,0013358880551179164
руководство 0,001 0,0001621180156843915
руль 0,001 4,817920438664483E-05
русский 0,001 0,0005902787050142052
рыба 0,001 9,569079855084193E-05
рыться 0,001 7,677517558148946E-06
с 0,01 0,012586566792177544
сам 0,003 0,0022101236414132247
самодеятельность 0,001 9,569079855084192E-06
самый 0,001 0,001120917563489746
свой 0,006 0,004256571509956347
святой 0,001 0,00012884877293241275
сдавать 0,001 3,827631942033677E-05
сдать 0,001 5,963984653866428E-05
себе 0,001 3,4826999937690146E-05
себя 0,001 0,0025289075226320183
сейчас 0,001 0,0009984110876705868
секрет 0,001 5,452150149989831E-05
секунда 0,001 0,00011705432566916944
семинар 0,001 3,0042460010148047E-05
семья 0,001 0,0003077683125484056
серенький 0,001 4,784539927542096E-06
серия 0,001 6,98765366161962E-05
серьезный 0,002 0,0001924942808057634
сидеть 0,002 0,0005987351011652099
ситуация 0,001 0,00033246989077897175
сказать 0,003 0,002666657765197067
сколько 0,001 0,00030420772469535095
слегка 0,001 9,60246036620658E-05
следить 0,001 8,434142476923045E-05
слеза 0,001 0,00012706847900588545
словно 0,002 0,00023277343089344338
слух 0,001 8,534284010290205E-05
случиться 0,001 0,00019560979517718619
слушаться 0,001 1,5688840227521758E-05
смерть 0,001 0,0003161134403290023
смотреться 0,001 1,802547600608883E-05
смысл 0,001 0,00032779661922183764
снова 0,001 0,00037208143064420396
со 0,001 0,0012810327485067944
собака 0,001 0,00014709678567931747
собираться 0,001 0,00021430288140572275
собраться 0,001 0,00010514861003551817
совершенствовать 0,001 6,342297113253477E-06
советовать 0,001 3,616222038258562E-05
советский 0,001 0,0004260465902920625
совсем 0,001 0,0005123908457286361
согласиться 0,001 0,00016044899012827217
согласный 0,001 6,932019476415642E-05
создание 0,001 0,00022932411141079675
сознание 0,001 0,0001615616738323517
составлять 0,001 0,00019471964821392255
составляющая 0,001 1,6801523931601314E-05
состоять 0,001 0,0001556644502007301
спать 0,001 0,0002469045139352538
специалист 0,001 0,00018014349169048034
спокойный 0,001 9,27978209202351E-05
сразу 0,003 0,0005407642801826648
среда 0,002 0,00015844615946092897
старик 0,001 0,00016801523931601317
стать 0,001 0,0018045504312762261
статься 0,001 3,894392964278451E-06
статья 0,001 0,00043951006311142516
стилистика 0,001 4,450734816318229E-06
стимулирование 0,001 6,6761022244773445E-06
стирка 0,001 8,567664521412592E-06
столик 0,001 6,676102224477344E-05
столь 0,001 0,00016011518501704832
страница 0,001 0,0001058162202579659
страсть 0,001 7,399346632129056E-05
стул 0,001 9,747109247736922E-05
ступать 0,001 2,0028306673432033E-05
ступенька 0,001 3,215655904789921E-05
стык 0,001 7,009907335701212E-06
сумка 0,001 6,175394557641543E-05
существовать 0,001 0,0002902991783943565
существующий 0,001 4,0724223569311805E-05
счастье 0,001 0,00016601240864866994
так 0,004 0,003828077015515309
такой 0,003 0,0030006854131617504
талант 0,001 6,898638965293255E-05
там 0,001 0,0012552184865721485
твердо 0,001 4,539749512644594E-05
тверской 0,001 1,9138159710168385E-05
твой 0,001 0,00040790984591556576
телевизор 0,001 8,0447031804952E-05
темп 0,001 5,452150149989831E-05
теперь 0,001 0,0009700376532165581
термин 0,001 5,552291683356991E-05
технический 0,001 0,00013730516908341738
то 0,002 0,004411123276452997
тогда 0,001 0,0009297585031288781
тоже 0,001 0,0009363233369829475
только 0,003 0,0026612056150470773
тончайший 0,001 7,454980817333035E-06
тот 0,003 0,0033014438183744544
транспорт 0,001 6,386804461416659E-05
транспортный 0,001 6,320043439171886E-05
требуемый 0,001 4,895808297950053E-06
тревожно 0,001 1,2684594226506955E-05
тренироваться 0,001 1,0347958447939884E-05
тридцать 0,001 0,00011850081448447286
турнир 0,001 3,215655904789921E-05
ты 0,003 0,0035285425623770923
тяжело 0,001 7,822166439679288E-05
у 0,003 0,004791327298136983
убийство 0,001 7,243570913557918E-05
уже 0,005 0,002424760327930171
указанный 0,001 5,90835046866245E-05
улыбка 0,001 0,00010915427137020457
ум 0,001 0,00016857158116805295
управляющий 0,001 2,503538334179004E-05
успеть 0,001 0,00022631986540978198
успокоиться 0,001 5,12947187580676E-05
физический 0,001 0,0001221726707079354
финансирование 0,001 5,274120757337102E-05
финансовый 0,001 0,00014965595819870045
харьковский 0,001 7,009907335701212E-06
хотеть 0,003 0,0011030033558540652
хотя 0,002 0,0006085267177611098
худенький 0,001 9,90288496630806E-06
цвет 0,002 0,00018203505398741557
цветок 0,001 0,0001028119742569511
цена 0,001 0,0002627046225331835
центр 0,001 0,00029586259691475426
центральный 0,001 0,00012506564833854225
цеплять 0,001 4,116929705094363E-06
частность 0,002 0,00012462057485691043
часто 0,001 0,0002868498589117099
человек 0,004 0,0030298377262086345
черный 0,001 0,0003755307501268506
четвертый 0,001 9,891758129267266E-05
число 0,001 0,00043784103755530583
чистота 0,001 3,271290089993899E-05
член 0,001 0,0002307706002261002
что 0,013 0,009295359663880622
что-то 0,003 0,0007428276408435125
чудо 0,001 9,502318832839421E-05
чуткий 0,001 1,2684594226506955E-05
шапка 0,002 4,517495838563003E-05
шепот 0,001 3,0042460010148047E-05
широкий 0,001 0,0002046225331802306
широко 0,002 7,121175706109167E-05
школа 0,001 0,0003516080504891401
шум 0,001 7,44385398029224E-05
экземпляр 0,001 3,805378267952087E-05
экономический 0,001 0,00023433118807915477
элемент 0,001 0,00013841785278749695
это 0,005 0,006350976046145298
этот 0,004 0,006024069573886724
я 0,02 0,014113725176026737
являться 0,001 0,0005818223088632005
яма 0,001 3,360304786320263E-05
ящик 0,001 8,389635128759863E-05
а 0,008 0,009121781006044211
август 0,001 0,00010125421707123972
агитатор 0,001 3,560587853054584E-06
актерский 0,001 2,536918845301391E-05
активность 0,001 6,509199668865411E-05
активный 0,001 9,535699343961807E-05
американский 0,001 0,00020751551081083744
английский 0,001 0,00012061491352222402
аппарат 0,001 9,813870269981697E-05
арест 0,001 5,1739792239699415E-05
армейский 0,001 2,5925530305053688E-05
армия 0,002 0,0002074042424404295
бабушка 0,001 0,00011327120107529894
база 0,001 0,00016323069938847104
баллон 0,001 6,898638965293256E-06
барак 0,002 2,81508977132128E-05
бежать 0,001 0,00015978137990582444
без 0,002 0,001133602157716253
безопасный 0,001 2,6704408897909378E-05
боб 0,001 9,569079855084192E-06
бог 0,001 0,0004733356477154437
бодро 0,001 1,4019814671402423E-05
болезнь 0,001 0,00012195013396711948
больше 0,001 0,0004620975423042402
большой 0,003 0,001050818490132734
брать 0,001 0,0002518003222332038
брести 0,001 1,3129667708138777E-05
бросить 0,001 0,00018526183672924631
буква 0,001 7,06554152090519E-05
бутылка 0,001 0,00013029526174771616
бы 0,004 0,0025840966343543643
быть 0,013 0,013531012720200275
в 0,027 0,03490956106853285
вариант 0,001 0,0001714645587986598
ваш 0,001 0,0006091943279835577
вдвое 0,001 2,0473380155063853E-05
великий 0,002 0,0003074345074371817
верить 0,003 0,00021930995807408076
верность 0,001 2,2810015933630927E-05
вести 0,001 0,00031188524225349995
весь 0,003 0,004212954308756428
вечер 0,001 0,00037319411434828353
вздох 0,001 2,3143821044854793E-05
взлететь 0,001 1,669025556119336E-05
взрыв 0,001 6,264409253967908E-05
взрывчатый 0,001 4,339466445910274E-06
вид 0,001 0,0006899751648997335
видеть 0,001 0,0009103978066778939
вице-премьер 0,001 1,8136744376496786E-05
включить 0,001 7,799912765597696E-05
власть 0,001 0,0004846850214970552
внедряться 0,001 4,450734816318229E-06
внимание 0,001 0,0003182275393667534
внимательный 0,001 2,7594555861173022E-05
во 0,002 0,0012993920296241071
вода 0,001 0,0005394290597377694
военный 0,001 0,0003101049483269726
возвести 0,001 1,4576156523442201E-05
возможность 0,002 0,00045341860941241964
вол 0,001 3,3380511122386723E-06
вольный 0,001 2,6704408897909378E-05
вообще 0,001 0,0004646567148236232
вопрос 0,002 0,0008966005287473072
впустить 0,001 8,233859410188726E-06
время 0,002 0,0022428365423131638
все 0,005 0,003456885731834369
все-таки 0,003 0,00029074425187598833
всегда 0,001 0,0006808511585262811
вскоре 0,001 0,0001229515493007911
встать 0,001 0,0001914928654720918
вступать 0,001 4,550876349685389E-05
вы 0,001 0,003233903917536826
выговор 0,001 9,012738003044414E-06
выдавать 0,001 4,9069351349908485E-05
выдохнуть 0,001 1,2128252374467175E-05
выйти 0,001 0,0005350895932918591
выписывать 0,001 1,0904300299979662E-05
выплачиваться 0,001 5,118345038765963E-06
выполнение 0,001 8,856962284473276E-05
выполнять 0,001 0,00010270070588654314
вырастать 0,001 1,6245182079561536E-05
высоко 0,001 8,934850143758846E-05
выставка 0,001 0,00010003026499675222
газета 0,001 0,00026426237971889486
герой 0,001 0,00020473380155063855
глава 0,001 0,00026726662571990964
главное 0,002 0,00011204724900081143
глина 0,001 2,0473380155063853E-05
глубокий 0,001 0,00015277147257012323
говорить 0,001 0,0019527599006596231
год 0,004 0,00414752850695655
годовой 0,001 2,8595971194844625E-05
годовщина 0,001 9,90288496630806E-06
голова 0,001 0,0007893378196740379
голодный 0,001 3,7274904086665174E-05
город 0,001 0,0006380128359192182
гость 0,001 0,0002144141497761307
государственный 0,001 0,0004353931334063308
грудь 0,001 0,00015444049812624258
да 0,001 0,0008912596469677254
давление 0,001 7,477234491414626E-05
давно 0,002 0,0003026499675096396
даже 0,003 0,0013127442340730617
далее 0,001 0,00025547217845666635
далекий 0,002 0,0003541672230085231
два 0,001 0,001429909828112639
двор 0,001 0,00018570691021087813
девочка 0,001 0,00020595775362512606
девушка 0,002 0,0002373354340801696
действительно 0,001 0,00029886684291576915
делать 0,002 0,0007801025449301777
делегация 0,001 3,215655904789921E-05
дело 0,002 0,0015712206585307429
деньги 0,001 0,0005701391299703652
деталь 0,001 8,42301563988225E-05
дефолт 0,001 6,1197603724375654E-06
дешевый 0,001 6,68722906151814E-05
дискуссия 0,001 3,927773475400837E-05
до 0,002 0,0022933523824783756
довольно 0,001 0,00020050560347513623
документация 0,001 1,8693086228536564E-05
должен 0,002 0,001050595953391918
дом 0,002 0,0008819131038534572
домашний 0,001 8,278366758351907E-05
допустить 0,001 8,122591039780769E-05
досмотр 0,001 4,116929705094363E-06
достижение 0,001 8,200478899066338E-05
друг 0,001 0,0009727080941063491
другой 0,001 0,0020443337695053706
дружеский 0,001 2,1697332229551367E-05
дружить 0,001 2,970865489892418E-05
дух 0,001 0,00017079694857621207
духовно 0,001 7,121175706109168E-06
душа 0,001 0,0003970055456155861
его 0,001 0,002868387320746691
единоборство 0,001 5,563418520397787E-06
ее 0,002 0,0013565839720137965
ездить 0,001 0,00010414719470184657
если 0,001 0,0022232533091213636
естественно 0,001 0,00011215851737121939
еще 0,004 0,0025857656599104833
жаль 0,001 5,785955261213698E-05
же 0,003 0,0034986113707373523
желание 0,001 0,00015978137990582444
живой 0,002 0,0003160021719585943
жизнь 0,001 0,0015464078119297687
жутко 0,001 1,2795862596914909E-05
за 0,007 0,004344028449097
задаваться 0,001 1,0793031929571707E-05
задача 0,002 0,000314221878032067
задний 0,001 9,669221388451354E-05
заключать 0,001 1,7580402524457008E-05
закон 0,001 0,00048223711734808014
закрытый 0,002 5,641306379683356E-05
заливать 0,001 1,3797277930586511E-05
заменять 0,001 1,802547600608883E-05
заместитель 0,001 0,00011048949181510004
замешать 0,001 6,1197603724375654E-06
замужество 0,001 6,1197603724375654E-06
запад 0,001 9,891758129267266E-05
запах 0,001 0,00010470353655388634
затем 0,001 0,0002684905777943972
звучать 0,001 9,357669951309076E-05
здесь 0,003 0,0008865863754105913
здоровенный 0,001 1,1460642152019442E-05
здоровье 0,001 0,00011794447263243308
зерно 0,001 3,371431623361059E-05
знать 0,001 0,0019069173320515453
значительно 0,002 8,122591039780769E-05
значительный 0,003 0,0001267346738946616
зуб 0,001 0,00012907130967322865
и 0,04 0,0398360794367155
игра 0,001 0,0002214240571118319
идти 0,001 0,0010649495731745444
иероглиф 0,001 5,340881779581875E-06
из 0,01 0,004800228767769619
издавать 0,001 1,9583233191800212E-05
или 0,003 0,002609243286066562
именно 0,001 0,0006135337944294679
иной 0,001 0,00038754773413090984
интервью 0,001 4,8958082979500524E-05
интерес 0,001 0,0002899653732831327
ипотека 0,001 6,1197603724375654E-06
искать 0,001 0,00023021425837406042
исключительно 0,001 3,805378267952087E-05
использование 0,001 0,0002117437088863398
использовать 0,002 0,00027772585253825753
исследователь 0,003 4,128056542135158E-05
история 0,001 0,0004939202962409155
итальянский 0,001 4,550876349685389E-05
к 0,002 0,005996252481284735
кабинет 0,001 0,00016523353005581427
кавычка 0,001 4,339466445910274E-06
каждый 0,001 0,0009745996564032843
казаться 0,002 0,0004987048361684576
как 0,012 0,004899925227655147
какой 0,001 0,0012147167997436528
камень 0,001 0,00014676298056809362
кандидатура 0,001 1,9583233191800212E-05
капитал 0,001 7,299205098761896E-05
качество 0,001 0,0003690771846431892
каштан 0,001 5,118345038765963E-06
кино 0,001 0,00011060076018550801
кишечный 0,001 2,892977630606849E-06
ключевой 0,001 4,0056613346864065E-05
когда 0,001 0,002109314497823617
кое 0,001 6,1197603724375654E-06
кое-как 0,001 1,824801274690474E-05
коллективный 0,001 3,649602549380948E-05
командир 0,001 0,00012339662278242292
комиссия 0,001 0,00013274316589669119
комплекс 0,001 0,00015165878886604369
конец 0,001 0,0007062203469792951
конечный 0,001 6,253282416927112E-05
конкурент 0,001 3,4159389715242414E-05
консорциум 0,001 4,784539927542096E-06
контролировать 0,001 4,2504517495839094E-05
космический 0,001 5,6746868908057425E-05
который 0,004 0,004683285710470857
кресло 0,002 0,00010414719470184657
кровля 0,001 8,34512778059668E-06
кровь 0,001 0,0002089619996261409
круглый 0,001 8,000195832332018E-05
куда 0,001 0,00039544778842987466
кусок 0,001 8,545410847331E-05
лаборатория 0,001 5,80820893529529E-05
лестница 0,002 9,24640158090112E-05
ли 0,001 0,0010923215922949015
либерализм 0,001 8,233859410188726E-06
литературовед 0,001 5,007076668358008E-06
лишь 0,001 0,0006147577465039554
лошадь 0,001 9,00161116600362E-05
льготный 0,001 8,678932891820548E-06
любить 0,001 0,0005597911715224253
людской 0,001 1,880435459894452E-05
малый 0,001 0,0001671250923527495
мальчик 0,001 0,0002091845363669568
мама 0,001 0,0003589517629360652
машина 0,001 0,0005456600884806149
мебель 0,001 5,363135453663467E-05
медленно 0,001 0,00012840369945078093
местный 0,001 0,00021508175999857844
место 0,001 0,0010310127202001178
металлический 0,001 4,717778905297323E-05
многие 0,001 9,101752699370779E-05
могила 0,001 5,663560053764947E-05
может 0,001 0,0002459030986015822
можно 0,001 0,0012527705824231738
мозг 0,001 9,402177299472259E-05
мой 0,004 0,0019141497761280624
молодой 0,002 0,00044507348163182295
мочь 0,002 0,003240468751390895
мощность 0,001 5,930604142744041E-05
мы 0,005 0,005234954290953502
мысль 0,001 0,00036896591627278124
мясистый 0,001 4,562003186726185E-06
на 0,018 0,01765528613774156
наблюдать 0,001 0,00010626129373959773
надежно 0,001 1,3018399337730821E-05
наземный 0,001 1,4353619782626291E-05
назначение 0,001 8,200478899066338E-05
называть 0,001 0,0003264613987769421
найти 0,002 0,0004718891589001403
наконец 0,002 0,00029586259691475426
наличие 0,001 0,00010448099981307044
налог 0,001 0,00011649798381712966
намного 0,001 3,249036415912307E-05
написание 0,001 1,0014153336716016E-05
направление 0,001 0,00019939291977105666
направленность 0,001 1,3352204448954689E-05
нарастать 0,001 1,980576993261612E-05
народ 0,001 0,00042905083629307737
насколько 0,001 8,779074425187708E-05
настроение 0,001 9,457811484676238E-05
наука 0,001 0,0002659314052750142
начать 0,001 0,0005266331971408545
начинать 0,001 0,000329354376407549
начинаться 0,001 0,00012806989433955705
не 0,017 0,02005946181714626
недвижимость 0,001 2,5146651712197998E-05
некоторый 0,002 0,0004572017340062901
нельзя 0,001 0,00035349961278607537
необходимо 0,001 0,00016578987190785406
неопределенный 0,001 1,4464888153034245E-05
нет 0,001 0,0009724855573655331
нетерпимость 0,001 4,562003186726185E-06
нечисть 0,001 4,005661334686407E-06
нижний 0,001 9,27978209202351E-05
никак 0,001 0,00015633206042317782
никакой 0,003 0,00042693673725532617
ничто 0,001 0,0010045308480430243
но 0,002 0,00598779608513373
новый 0,002 0,0013546924097168611
нос 0,001 0,00015444049812624258
ночной 0,001 9,424430973553851E-05
ночь 0,001 0,0004481889960032457
ну 0,003 0,0012401972565670746
нужда 0,001 5,096091364684372E-05
нужно 0,001 0,00039355622613293945
нюхать 0,001 7,343712446925078E-06
о 0,007 0,00379102464816946
об 0,001 0,0007950125065648438
обозначить 0,001 3,349177949279468E-05
оборудование 0,001 0,00010069787521919994
обработка 0,001 5,8304626093768806E-05
образование 0,001 0,0002101859517006284
объясняться 0,001 3,605095201217766E-05
обыкновенный 0,001 4,784539927542097E-05
обычно 0,001 0,0001854843734700622
обычный 0,001 0,00016545606679663018
оглядываться 0,001 3,471573156728219E-05
ограничивать 0,001 1,6801523931601314E-05
один 0,003 0,0024987537942514617
означать 0,001 0,00010793031929571707
окончание 0,001 6,553707017028593E-05
окружать 0,001 3,582841527136175E-05
он 0,011 0,013119764823172468
она 0,002 0,006222572346694516
они 0,004 0,005396515964785853
оно 0,001 0,0004391762580002013
оплатить 0,001 1,7802939265272916E-05
оставить 0,001 0,00023421991970874682
остроумие 0,001 5,340881779581875E-06
от 0,005 0,004086330903232175
ответ 0,001 0,0002929696192841475
отвечать 0,001 0,0002585876928280891
отказать 0,001 3,59396836417697E-05
отличие 0,001 0,00010659509885082159
отметить 0,002 0,0001716870955394757
отношение 0,001 0,0006202098966539452
отображение 0,001 6,6761022244773445E-06
отопление 0,001 1,3018399337730821E-05
отрывать 0,001 1,2907130967322865E-05
отставка 0,001 3,616222038258562E-05
отчет 0,001 5,407642801826649E-05
отъезд 0,001 3,716363571625721E-05
официантка 0,001 1,1126837040795574E-05
папаша 0,001 1,1015568670387618E-05
пассажир 0,001 5,274120757337102E-05
пасть 0,001 2,214240571118319E-05
первое 0,001 1,6578987190785406E-05
первый 0,001 0,0014972271922094522
перемещение 0,001 1,9360696450984297E-05
перо 0,001 3,838758779074473E-05
песок 0,001 6,153140883559952E-05
печь 0,001 3,627348875299357E-05
план 0,001 0,00026181447556991984
пленный 0,001 1,2795862596914909E-05
плечо 0,001 0,00026303842764440735
плита 0,001 4,1503102162167485E-05
по 0,004 0,006438766790397174
побояться 0,001 9,680348225492148E-06
погода 0,001 5,752574750091312E-05
подавать 0,001 5,452150149989831E-05
подарок 0,001 8,389635128759863E-05
подлинный 0,001 4,762286253460505E-05
поднять 0,001 0,00019338442776902707
подняться 0,001 0,0001515475204956357
подобный 0,001 0,0003355854051503945
подоконник 0,001 2,4145236378526396E-05
подчеркиваться 0,001 6,4535654836614325E-06
пока 0,001 0,0004075760408043419
показатель 0,001 0,00012562199019058203
политика 0,002 0,00020573521688431017
политический 0,001 0,0002999795266198487
половина 0,001 0,0001766941722078337
положение 0,002 0,0002984217694341373
полоса 0,001 6,854131617130074E-05
получение 0,001 9,157386884574757E-05
помеха 0,001 1,4464888153034245E-05
помещение 0,001 0,00010225563240491133
помириться 0,001 5,452150149989831E-06
помощь 0,001 0,0003339163795942752
понижение 0,001 6,898638965293256E-06
пониматься 0,001 1,2239520744875131E-05
попутный 0,001 6,7873705948853E-06
попытка 0,001 0,0001213937921150797
порт 0,001 3,7274904086665174E-05
посвятить 0,001 9,468938321717033E-05
после 0,001 0,0012018096687763298
последний 0,001 0,0007928984075270926
поспешить 0,001 2,0028306673432033E-05
постановление 0,001 8,678932891820547E-05
поступать 0,001 8,022449506413608E-05
потеря 0,001 7,755405417434515E-05
потом 0,001 0,0011194710746744428
потому 0,001 0,0008559875735484034
почти 0,001 0,0005582334143367139
пощупать 0,001 5,785955261213698E-06
правда 0,001 0,0002808413669096803
право 0,001 0,0005133922610623077
предварительный 0,001 4,528622675603799E-05
предлагать 0,001 0,00016234055242520743
предложение 0,001 0,00014965595819870045
предписание 0,001 9,012738003044414E-06
предполагать 0,001 8,24498624722952E-05
премия 0,001 6,253282416927112E-05
пресс-конференция 0,001 2,13635271183275E-05
при 0,001 0,0017255498882865776
привести 0,001 0,00023889319126588096
приводить 0,001 0,0001088204662589807
приезжать 0,001 9,658094551410558E-05
признать 0,001 9,891758129267266E-05
прикрыть 0,001 3,950027149482429E-05
примерно 0,001 0,00011994730329977628
принятие 0,001 7,733151743352923E-05
приоритет 0,001 2,536918845301391E-05
пробежать 0,001 1,6356450449969494E-05
проблема 0,001 0,0005284134910673818
провинция 0,001 2,6481872157093466E-05
прозрачный 0,001 5,1183450387659636E-05
пройти 0,001 0,00044329318770529563
промышленность 0,001 8,779074425187708E-05
простейший 0,001 1,045922681834784E-05
просто 0,002 0,0007304768517282294
протестовать 0,001 1,0125421707123972E-05
противник 0,001 0,00010626129373959773
протянуть 0,001 8,82358177335089E-05
процент 0,001 0,00017814066102313713
процесс 0,001 0,00041358453280637144
прочесть 0,001 7,633010209985763E-05
проявление 0,001 5,040457179480394E-05
пылать 0,001 1,2128252374467175E-05
рабочий 0,001 0,00015355035116297892
равный 0,001 0,00032234446907184773
радиостанция 0,001 1,1794447263243307E-05
радостно 0,001 4,484115327440616E-05
раз 0,002 0,001259335416277243
разве 0,001 0,00018515056835883835
развеваться 0,001 4,895808297950053E-06
развернуть 0,001 3,49382683080981E-05
развитие 0,001 0,0004145859481400431
разговор 0,001 0,0003096598748453408
раздаваться 0,001 2,2031137340775237E-05
разделить 0,001 4,606510534889367E-05
разный 0,001 0,00039233227405845194
разработка 0,001 0,0001289600413028207
рай 0,001 2,892977630606849E-05
рама 0,001 2,3588894526486614E-05
распоряжение 0,001 5,63017954264256E-05
рассердиться 0,001 1,5021230005074024E-05
рассказ 0,001 0,0001460953703456459
расти 0,001 0,0001399756099732083
ребенок 0,001 0,0007324796823955725
ребро 0,001 2,4145236378526396E-05
редкий 0,001 0,00010036407010797608
резкий 0,001 7,032161009782803E-05
резко 0,001 0,00010203309566409541
республика 0,001 0,0001417559038997356
решение 0,001 0,0005044907914296713
рисунок 0,001 0,00019939291977105666
род 0,001 0,00018414915302516674
родитель 0,001 0,0001780293926527292
родительский 0,001 1,6912792302009272E-05
роль 0,001 0,0003314684754453001
рубка 0,001 1,7246597413233138E-05
рубль 0,001 0,0003297994498891808
рука 0,002 0,0013358880551179164
русский 0,001 0,0005902787050142052
ручка 0,002 6,409058135498251E-05
с 0,009 0,012586566792177544
сам 0,002 0,0022101236414132247
самка 0,001 2,581426193464573E-05
самолет 0,001 0,00018481676324761447
самый 0,002 0,001120917563489746
сближать 0,001 4,895808297950053E-06
светлый 0,001 0,00010069787521919994
свечка 0,001 9,457811484676238E-06
свидетель 0,001 6,197648231723135E-05
свидетельство 0,001 5,018203505398804E-05
свобода 0,002 0,00019460837984351458
свой 0,008 0,004256571509956347
свойство 0,001 0,00010726270907326934
сделать 0,002 0,0008272803339831509
себя 0,001 0,0025289075226320183
сей 0,001 0,0002209789836302001
семья 0,001 0,0003077683125484056
сесть 0,001 0,00019572106354759415
сидеть 0,001 0,0005987351011652099
сила 0,002 0,0007185711360945781
сказать 0,004 0,002666657765197067
складываться 0,001 4,606510534889367E-05
сколько 0,001 0,00030420772469535095
скот 0,001 2,225367408159115E-05
скромно 0,001 1,6912792302009272E-05
сладость 0,001 8,790201262228504E-06
следовать 0,001 0,000339479798114673
словно 0,001 0,00023277343089344338
случай 0,001 0,0007896716247852619
случаться 0,001 6,175394557641543E-05
слышать 0,001 0,00028495829661477466
смех 0,001 8,300620432433497E-05
смиренно 0,001 4,562003186726185E-06
снижение 0,001 7,321458772843487E-05
снова 0,001 0,00037208143064420396
со 0,003 0,0012810327485067944
совершенно 0,002 0,00031188524225349995
совершенство 0,001 2,058464852547181E-05
совокупный 0,001 8,901469632636458E-06
содержать 0,001 9,70260189957374E-05
создание 0,001 0,00022932411141079675
создать 0,001 0,0002736089228331632
солидный 0,001 3,082133860300374E-05
сосна 0,001 3,349177949279468E-05
состав 0,001 0,00023344104111589116
состоять 0,001 0,0001556644502007301
сочетание 0,001 4,294959097747092E-05
специальный 0,001 0,0001744688047996746
спиртное 0,001 9,90288496630806E-06
список 0,001 0,00010815285603653298
сплошной 0,001 3,8610124531560646E-05
способный 0,001 0,00016745889746397338
справедливо 0,001 1,746913415404905E-05
спрос 0,001 5,285247594377898E-05
спросить 0,001 0,000638569177771258
сразу 0,001 0,0005407642801826648
среди 0,001 0,0003503840984146526
средство 0,001 0,0004049055999145509
ссуда 0,001 7,900054298964858E-06
становиться 0,001 0,00028851888446782925
стараться 0,001 0,00019227174406494753
стать 0,002 0,0018045504312762261
стена 0,001 0,00029041044676476446
стихия 0,001 2,102972200710363E-05
столовый 0,001 1,7580402524457008E-05
страдать 0,001 6,653848550395753E-05
страна 0,001 0,0008074745640505349
страшный 0,001 0,00018815481435985315
стремиться 0,001 9,468938321717033E-05
студент 0,001 0,00011727686240998535
стул 0,001 9,747109247736922E-05
суд 0,001 0,00041291692258392374
судить 0,002 0,0001299614566364923
судьба 0,001 0,00023800304430261732
сходство 0,001 2,5257920082605952E-05
сцена 0,002 0,00019716755236289755
счет 0,002 0,00027305258098112337
сыграть 0,001 8,990484328962823E-05
сын 0,001 0,0003172261240330818
так 0,003 0,003828077015515309
также 0,003 0,0006341184429549397
такой 0,002 0,0030006854131617504
талантливый 0,002 5,363135453663467E-05
там 0,004 0,0012552184865721485
твой 0,001 0,00040790984591556576
театр 0,001 0,00033970233485548887
текст 0,001 0,00016267435753643128
телевидение 0,001 5,752574750091312E-05
телевизор 0,001 8,0447031804952E-05
темный 0,002 0,00016245182079561537
тень 0,001 0,00010492607329470226
теперь 0,001 0,0009700376532165581
техника 0,001 0,00014520522338238223
тип 0,001 0,0002191986897036728
тихий 0,001 0,00011939096144773651
тихо 0,001 0,00015021230005074024
то 0,003 0,004411123276452997
тогда 0,001 0,0009297585031288781
тогда-то 0,001 8,456396151004636E-06
тоже 0,003 0,0009363233369829475
толковать 0,001 1,2350789115283087E-05
только 0,003 0,0026612056150470773
торчать 0,001 5,062710853561986E-05
тот 0,002 0,0033014438183744544
точка 0,003 0,0002583651560872732
традиция 0,001 0,00010359085284980678
требовать 0,001 0,0002124113191087875
требоваться 0,001 8,400761965800658E-05
тренироваться 0,001 1,0347958447939884E-05
тронуться 0,001 1,535503511629789E-05
труд 0,001 0,00031811627099634544
турецкий 0,001 2,069591689587977E-05
тут 0,004 0,0009782715126267468
ты 0,002 0,0035285425623770923
у 0,005 0,004791327298136983
убедиться 0,001 5,3075012684594886E-05
убийство 0,001 7,243570913557918E-05
убить 0,001 0,00016100533198031193
уверенный 0,001 0,0001251769167089502
увидеть 0,001 0,0005033781077255918
удаться 0,001 0,00021040848844144428
уехать 0,001 0,00013062906685894004
ужас 0,001 0,00010436973144266248
уже 0,004 0,002424760327930171
украсть 0,001 3,460446319687424E-05
улыбнуться 0,001 0,00013240936078546734
урегулирование 0,001 1,7802939265272916E-05
уровень 0,003 0,0003877702708717257
усадьба 0,001 1,9360696450984297E-05
успешно 0,001 5,1739792239699415E-05
устроить 0,001 0,00010559368351715
утвердить 0,001 5,318628105500284E-05
утонуть 0,001 1,4576156523442201E-05
утро 0,001 0,00033525160003917065
уходить 0,001 0,0002144141497761307
участвовать 0,001 0,00012573325856098997
участие 0,001 0,00020651409547716584
участник 0,001 0,00016044899012827217
учеба 0,001 2,8595971194844625E-05
учет 0,001 0,00011950222981814446
фаза 0,001 3,260163252953103E-05
февраль 0,001 7,755405417434515E-05
финансироваться 0,001 4,895808297950053E-06
флаг 0,001 3,271290089993899E-05
фольклорный 0,001 5,8972236316216535E-06
фонтан 0,002 2,0473380155063853E-05
хитрость 0,001 1,2573325856098999E-05
хорошо 0,001 0,000540430475071441
хотеть 0,001 0,0011030033558540652
хоть 0,001 0,00022687620726182176
хотя 0,001 0,0006085267177611098
цветок 0,001 0,0001028119742569511
цель 0,001 0,00035105170863710034
ценить 0,001 3,5383341789729924E-05
цепь 0,001 5,7303210760097204E-05
частный 0,001 0,00012094871863344788
часть 0,003 0,0006513650403681729
человек 0,002 0,0030298377262086345
через 0,001 0,0008961554552656755
число 0,002 0,00043784103755530583
член 0,002 0,0002307706002261002
что 0,012 0,009295359663880622
что-то 0,001 0,0007428276408435125
чтобы 0,001 0,001646438076926521
широко 0,001 7,121175706109167E-05
щадить 0,001 8,456396151004636E-06
экспортировать 0,001 4,450734816318229E-06
электронный 0,001 5,8304626093768806E-05
это 0,008 0,006350976046145298
этот 0,003 0,006024069573886724
эффективный 0,001 7,666390721108151E-05
юрисдикция 0,001 1,2239520744875131E-05
я 0,019 0,014113725176026737
являться 0,001 0,0005818223088632005